objectid,filename,title,creator,date,description,subject,movie,source,type,format,language,rights
coll001,001.jpg,charla,Samuel Velasquez,1924,mujer campesina hace trato convencer a su hija de no tener romance con un hombre que no le agrada.,universities;buildings;campuses;picture postcards,Madre,Proimágenes,Image;StillImage,image/jpeg,eng,Patrimonio Fílmico
coll002,001.jpg,niños,Samuel Velasquez,1924,mujer campesina cuida de sus hijos en el campo mientras otra mujer le habla,universities;buildings;campuses;picture postcards,Madre,Proimágenes,Image;StillImage,image/jpeg,eng,Patrimonio Fílmico
coll003,001.jpg,salvacion,Samuel Velasquez,1924,"1. Hombre llega donde madre y se sienta junto a èl, le ofrece tabaco y lo lleva con fuerza a conocer a su hija. 2. hombre le habla a hija, le regala un pollo y recita poesìa para ella.",universities;buildings;campuses;picture postcards,Madre,Proimágenes,Image;StillImage,image/jpeg,eng,Patrimonio Fílmico
coll004,001.jpg,reclamo,Samuel Velasquez,1924,Madre reclama e hija y la hija se burla del hombre que conociò.,universities;buildings;campuses;picture postcards,Madre,Proimágenes,Image;StillImage,image/jpeg,eng,Patrimonio Fílmico
coll005,001.jpg,el rio,Samuel Velasquez,1924,"campesinos trabajan con animales, los azotan y empujan, tambièn niños llevan a otros animales. Los hombres no tienen mucha interacciòn entre ellos.",universities;buildings;campuses;picture postcards,Madre,Proimágenes,Image;StillImage,image/jpeg,eng,Patrimonio Fílmico
coll006,001.jpg,advertencia,Samuel Velasquez,1924,Hija realiza labores de cocina mientras su madre llega a reclarmarle por un hombre que la observa y le advierte que no hable con èl.,universities;buildings;campuses;picture postcards,Madre,Proimágenes,Image;StillImage,image/jpeg,eng,Patrimonio Fílmico
coll007,001.jpg,tabaco,Samuel Velasquez,1924,madre le advierte a hombre y lo obliga a irse.,universities;buildings;campuses;picture postcards,Madre,Proimágenes,Image;StillImage,image/jpeg,eng,Patrimonio Fílmico
coll008,001.jpg,consejo_rosario,Samuel Velasquez,1924,Mujeres conversan y una le aconseja a otra.,universities;buildings;campuses;picture postcards,Madre,Proimágenes,Image;StillImage,image/jpeg,eng,Patrimonio Fílmico
coll009,001.jpg,sombrero,Samuel Velasquez,1924,hombre teje sombrero,universities;buildings;campuses;picture postcards,Madre,Proimágenes,Image;StillImage,image/jpeg,eng,Patrimonio Fílmico
coll010,001.jpg,ladrón,Samuel Velasquez,1924,"hija despierta y va la cocina. La familia duerme en un mismo cuarto, tres hijos en el suelo, madre e hijo en cama. Hombre llega a cocina y habla con la hija, ella lo rechaza y amenaza con ceniza.",universities;buildings;campuses;picture postcards,Madre,Proimágenes,Image;StillImage,image/jpeg,eng,Patrimonio Fílmico
coll011,001.jpg,encuentro,Samuel Velasquez,1924,hombre se esconde y llega la madre a la cocina. La madre la amenaza con matarla por no obedecer.,universities;buildings;campuses;picture postcards,Madre,Proimágenes,Image;StillImage,image/jpeg,eng,Patrimonio Fílmico
coll012,001.jpg,trabajo,Samuel Velasquez,1924,hombres trabajan con animales de carga.,universities;buildings;campuses;picture postcards,Madre,Proimágenes,Image;StillImage,image/jpeg,eng,Patrimonio Fílmico
coll013,001.jpg,reencuentro,Pedro Moreno Garzon y Vicenzo di Domenico,1924,llegan dos hombres con flores y regalos para las mujeres de la familia,universities;buildings;campuses;picture postcards,Aura o las violetas,Proimágenes,Image;StillImage,image/jpeg,eng,Patrimonio Fílmico
coll014,001.jpg,violetas,Pedro Moreno Garzon y Vicenzo di Domenico,1924,hombre viendo desde una planta al horizonte,universities;buildings;campuses;picture postcards,Aura o las violetas,Proimágenes,Image;StillImage,image/jpeg,eng,Patrimonio Fílmico
coll015,001.jpg,espejo,Pedro Moreno Garzon y Vicenzo di Domenico,1924,hombre se ve al espejo y casi no se reconoce,universities;buildings;campuses;picture postcards,Aura o las violetas,Proimágenes,Image;StillImage,image/jpeg,eng,Patrimonio Fílmico
coll016,001.jpg,cochero,Pedro Moreno Garzon y Vicenzo di Domenico,1924,hombre va a buscar a cochero que se asusta mucho al verlo.,universities;buildings;campuses;picture postcards,Aura o las violetas,Proimágenes,Image;StillImage,image/jpeg,eng,Patrimonio Fílmico
coll017,001.jpg,preparacion_boda,Pedro Moreno Garzon y Vicenzo di Domenico,1924,mujeres comparten y arreglan a la novia en sus preparativos para la boda.,universities;buildings;campuses;picture postcards,Aura o las violetas,Proimágenes,Image;StillImage,image/jpeg,eng,Patrimonio Fílmico
coll018,001.jpg,transito,Pedro Moreno Garzon y Vicenzo di Domenico,1924,hombre sube a auto,universities;buildings;campuses;picture postcards,Aura o las violetas,Proimágenes,Image;StillImage,image/jpeg,eng,Patrimonio Fílmico
coll019,001.jpg,abatido,Pedro Moreno Garzon y Vicenzo di Domenico,1924,mujer y niña llevan a hombre sobre una cama. Él está abatido.,universities;buildings;campuses;picture postcards,Aura o las violetas,Proimágenes,Image;StillImage,image/jpeg,eng,Patrimonio Fílmico
coll020,001.jpg,desesperacion,Pedro Moreno Garzon y Vicenzo di Domenico,1924,"hombre tiene sueños y recuerdos de su amada. Hombre reza, toma un arma y la apunta a su cabeza. La madre ve la situación y le pide no hacerlo. Lo abraza y besa y luego se desmalla.",universities;buildings;campuses;picture postcards,Aura o las violetas,Proimágenes,Image;StillImage,image/jpeg,eng,Patrimonio Fílmico
coll021,001.jpg,teatro,Pedro Moreno Garzon y Vicenzo di Domenico,1924,"carruaje se moviliza por una calle principal en la que hay muchos niños pasando, corriendo alrededor del carruaje que es impulsado por caballo. El hombre entra a teatro y se sienta con otros hombres de traje muy blancos. Usa binoculares y ve a su amada con su esposo. A su vez, la amada se sienta en un palco con el esposo. La mujer lleva un collar de perlas, también binoculares con los que ve a al hombre. La obra teatra inicia. Los casados se van del lugar, la mujer se pone su abrigo blanco y se va.",universities;buildings;campuses;picture postcards,Aura o las violetas,Proimágenes,Image;StillImage,image/jpeg,eng,Patrimonio Fílmico
coll022,001.jpg,carta,Pedro Moreno Garzon y Vicenzo di Domenico,1924,"mujer recibe y lee carta de su amado con mucha tristeza, hay un plano sobre la cara de la actriz. La sirvienta es la que trae y se lleva la carta aunque no le vemos la cara.",universities;buildings;campuses;picture postcards,Aura o las violetas,Proimágenes,Image;StillImage,image/jpeg,eng,Patrimonio Fílmico
coll023,001.jpg,respuesta,Pedro Moreno Garzon y Vicenzo di Domenico,1924,"llega la respuesta de la carta al hombre, la lee y entra a su casa con resignación.",universities;buildings;campuses;picture postcards,Aura o las violetas,Proimágenes,Image;StillImage,image/jpeg,eng,Patrimonio Fílmico
coll024,001.jpg,festejo,Arturo Acevedo Villarino,1924,hombres y mujeres de clase alta festejan con copas. Atuendos elegantes. Se dan la mano y saludan. Hay una mayorìa de hombres.,universities;buildings;campuses;picture postcards,la tragedia del silencio,Proimágenes,Image;StillImage,image/jpeg,eng,Patrimonio Fílmico
coll025,001.jpg,salto_tequendama,Arturo Acevedo Villarino,1924,parejas elegantes van al salto del tenquendama,universities;buildings;campuses;picture postcards,la tragedia del silencio,Proimágenes,Image;StillImage,image/jpeg,eng,Patrimonio Fílmico
coll026,001.jpg,negocios,Arturo Acevedo Villarino,1924,"hombre y mujer estàn en el plano màs cercano, la muje teje y el hombre es atentdido por la mucama que se queda atràs de ellos. Entra un cura y habla con ellos, se dan la mano y lo invitan a sentar, conversan. La mujer abraza al hombre, otro sujeto que parecìa estar trabajando se presenta con el cura.",universities;buildings;campuses;picture postcards,la tragedia del silencio,Proimágenes,Image;StillImage,image/jpeg,eng,Patrimonio Fílmico
coll027,001.jpg,paseo_carros,Arturo Acevedo Villarino,1924,"hombre saluda a mujer y niño que pasean en carruaje impulsado por caballos, atuerden elegantes.",universities;buildings;campuses;picture postcards,la tragedia del silencio,Proimágenes,Image;StillImage,image/jpeg,eng,Patrimonio Fílmico
coll028,001.jpg,dubujo,Arturo Acevedo Villarino,1924,"3 mujeres y un hombre comparten en una sala elegante, todos tienen ropa elegante y conversan. Un hombre toca el hombro de una mujer y esta lo observa con desprecio. El hombre toma nota",universities;buildings;campuses;picture postcards,la tragedia del silencio,Proimágenes,Image;StillImage,image/jpeg,eng,Patrimonio Fílmico
coll029,001.jpg,amigas_reunidas,Arturo Acevedo Villarino,1924,"3 hombres (dentro de ellos el cura) entran a una  habitaciòn que tieneun cuadro y un telescopio, saludan por la ventana a una mujer y a un niño, se juntan todos en un jardìn con flores blancas grandes. Los hombres se posicionan a la izquierda, las mujeres a la derecha, se presentan y caminan juntos por el jardìn para ver a una mujer que juega en un columpio",universities;buildings;campuses;picture postcards,la tragedia del silencio,Proimágenes,Image;StillImage,image/jpeg,eng,Patrimonio Fílmico
coll030,001.jpg,planos,Arturo Acevedo Villarino,1924,2 hombres y una mujer hablan sobre unos planos,universities;buildings;campuses;picture postcards,la tragedia del silencio,Proimágenes,Image;StillImage,image/jpeg,eng,Patrimonio Fílmico
coll031,001.jpg,huerfanos,Arturo Acevedo Villarino,1924,"imagenes del orfanado, presentan a muchos huerfanos que estàn de pie y sentados en el piso. Sus ropas son opacas y holgadas.",universities;buildings;campuses;picture postcards,la tragedia del silencio,Proimágenes,Image;StillImage,image/jpeg,eng,Patrimonio Fílmico
coll032,001.jpg,puente,Arturo Acevedo Villarino,1924,"hombres y mujeres elegantes caminan sobre un puente con el cura, se saludan y festejan.",universities;buildings;campuses;picture postcards,la tragedia del silencio,Proimágenes,Image;StillImage,image/jpeg,eng,Patrimonio Fílmico
coll033,001.jpg,recuerdos,Arturo Acevedo Villarino,1924,"hombre lee carta en habitciòn con telescopio, entra una mujer con un vertido blanco y flores y un niño, quienes son los recuerdos del hombre.",universities;buildings;campuses;picture postcards,la tragedia del silencio,Proimágenes,Image;StillImage,image/jpeg,eng,Patrimonio Fílmico
coll034,001.jpg,ayuda_divina,Arturo Acevedo Villarino,1924,"mujer va a iglesia a pedir ayuda, se presenta en primer plano una imagen de cristo. La mujer camina junto a un cura en la ilgesia. Ropas elegantes de la mujer, velo y ropa oscura.",universities;buildings;campuses;picture postcards,la tragedia del silencio,Proimágenes,Image;StillImage,image/jpeg,eng,Patrimonio Fílmico
coll035,001.jpg,invitacion,Arturo Acevedo Villarino,1924,"mujer entra con un atuendo oscuro al cuarto donde se encuentra con un hombre y otro les hace llegar una invitaciòn, la mujer reacciona con un gesto de cercania al mensajero y se ve pensativa, mientras que el mensajero se rìe, la mujer se ve triste y frustrada. Entra el cura en la habitaciòn y consuela a la mujer.",universities;buildings;campuses;picture postcards,la tragedia del silencio,Proimágenes,Image;StillImage,image/jpeg,eng,Patrimonio Fílmico
coll036,001.jpg,preparacion,Arturo Acevedo Villarino,1924,"hombre y mujer se preparan para salir con trajes elegantes, abrigos y plumas. La mujer parece estar alterada y triste e intenta acercarse al hombre pero la rechaza y tambièn muestra señales de desaprobaciòn.",universities;buildings;campuses;picture postcards,la tragedia del silencio,Proimágenes,Image;StillImage,image/jpeg,eng,Patrimonio Fílmico
coll037,001.jpg,arreglo,Arturo Acevedo Villarino,1924,mujeres se arregla entre ellas con trajes elegantes frente a un espejo. La mujer triste le dice algo a su compañera,universities;buildings;campuses;picture postcards,la tragedia del silencio,Proimágenes,Image;StillImage,image/jpeg,eng,Patrimonio Fílmico
coll038,001.jpg,fiesta,Arturo Acevedo Villarino,1924,"hombres y mujeres comparten una fiesta. Un hombre toma una copa de la bandeja de un mesero, inmediatame se va el mesero. Las parejas bailan, los hombres se juntan a charlar y beber.",universities;buildings;campuses;picture postcards,la tragedia del silencio,Proimágenes,Image;StillImage,image/jpeg,eng,Patrimonio Fílmico
coll039,001.jpg,celos,Arturo Acevedo Villarino,1924,"Una pareja està sentada cerca y el hombre les reclama por ello, se va a otra habitaciòn y la mujer intenta entrar desesperadamente.",universities;buildings;campuses;picture postcards,la tragedia del silencio,Proimágenes,Image;StillImage,image/jpeg,eng,Patrimonio Fílmico
coll040,001.jpg,despedida,Arturo Acevedo Villarino,1924,"hombre toma un arma y escribe su carta de suicidio, un niño entra e impide el disparo.",universities;buildings;campuses;picture postcards,la tragedia del silencio,Proimágenes,Image;StillImage,image/jpeg,eng,Patrimonio Fílmico
coll041,001.jpg,laboratorio,Arturo Acevedo Villarino,1924,hombres con bata en laboratorio encuentran que el hombre de la pelìcula no tiene la enfermedad esperada y llaman por telèfono al hombre.,universities;buildings;campuses;picture postcards,la tragedia del silencio,Proimágenes,Image;StillImage,image/jpeg,eng,Patrimonio Fílmico
coll042,001.jpg,llamada,Arturo Acevedo Villarino,1924,El hombre contesta el telèfono con mucha felidad y va donde su amada a abrazarla y besarla. Las personas que estàn en la sala tienen la cabeza baja.,universities;buildings;campuses;picture postcards,la tragedia del silencio,Proimágenes,Image;StillImage,image/jpeg,eng,Patrimonio Fílmico
coll043,001.jpg,viaje,Arturo Acevedo Villarino,1924,mujer mira desde un jardìn alto y el hombre viaja en tren.,universities;buildings;campuses;picture postcards,la tragedia del silencio,Proimágenes,Image;StillImage,image/jpeg,eng,Patrimonio Fílmico
coll044,001.jpg,encuentro,Pedro Moreno Garzon y Vicenzo di Domenico,1926,"hombre de alista para salir luego de quitarse su traje de dibujante. Hombre y mujer caminan por calles separadas y se encuentan en una plaza, ambos parecen gratamente sorprendidos. Siguen su camino pero el hombre la mira hasta que se va, decide alcanzarla de nuevo y camina junto a ella. La saluda de mano. Muchas personas caminan por este sendero, sobre todo hombres con sombrero. La pareja camina por una calle desde lo lejos en donde pasa un niño descalzo, al fondo hay otro niño. Los transbuntes miran a la pareja. La mujer llega a su destina y se despiden con una sonrisa.",universities;buildings;campuses;picture postcards,"el amor, el deber  y el crimen",Proimágenes,Image;StillImage,image/jpeg,eng,Patrimonio Fílmico
coll045,001.jpg,trabajo,Pedro Moreno Garzon y Vicenzo di Domenico,1926,"la mujer trabaja, el hombre pasa por la ventana del trabajo y la intenta ver varias veces. Decide entrar al local, habla con un vendedor y procede a hablarle a la mujer. Ella se ve feliz, se rie y suspira. Ella es la cajera, el hombre paga una compra. La sigue observando desde el ventanal mientras ella suspira. Otro hombre le habla y parece que conversan sobre el hombre del ventanal mientras èl sigue pasando. Decide volver a entrar y de nuevo va a hablar con ella un momento.",universities;buildings;campuses;picture postcards,"el amor, el deber  y el crimen",Proimágenes,Image;StillImage,image/jpeg,eng,Patrimonio Fílmico
coll046,001.jpg,caminata,Pedro Moreno Garzon y Vicenzo di Domenico,1926,caminan juntos por la calle y ella llega a su hogar.,universities;buildings;campuses;picture postcards,"el amor, el deber  y el crimen",Proimágenes,Image;StillImage,image/jpeg,eng,Patrimonio Fílmico
coll047,001.jpg,padres,Pedro Moreno Garzon y Vicenzo di Domenico,1926,"mujer y hombre se sientan juntos y coquetean. Ingresan otras dos personas al salòn, parecen ser los padres de la mujer porque son evidentemente màs viejos, se presentan con el hombre.",universities;buildings;campuses;picture postcards,"el amor, el deber  y el crimen",Proimágenes,Image;StillImage,image/jpeg,eng,Patrimonio Fílmico
coll048,001.jpg,baile,Pedro Moreno Garzon y Vicenzo di Domenico,1926,"hombre està sentado en una fiesta cno una mujer mientras todos bailan. Otra mujer le pide que bailen. La mujer protagonista aparece en la fiesta y saluda a otro hombre, baila con èl.",universities;buildings;campuses;picture postcards,"el amor, el deber  y el crimen",Proimágenes,Image;StillImage,image/jpeg,eng,Patrimonio Fílmico
coll049,001.jpg,carnaval,Pedro Moreno Garzon y Vicenzo di Domenico,1926,"un carnaval con carrozas, personas disfrazadasmuy felices y asistentes, mayoritamiente hombres son sombrero. Algunos guardias(policia) separa a los asistentes de las carrozas, estos se distinguen por los uniformes, no son blancos. La pareja protagònica està dentro de una carroza y otros disfrazados les lanzan cosas, se burlan de ellos. Ante esto el hombre sale al enfrentamiento y golpea a otro disfrazado, lo lanza al suelo, la mujer se ve feliz por este acto.",universities;buildings;campuses;picture postcards,"el amor, el deber  y el crimen",Proimágenes,Image;StillImage,image/jpeg,eng,Patrimonio Fílmico
coll050,001.jpg,dolor,Pedro Moreno Garzon y Vicenzo di Domenico,1926,"hombre oculto entre arboles le dispara al protagonista y se da a la fuga. El disparo le da en el pecho, lo ayudan dos hombrs, uno de ellos policia. Lo llevan a su casa a rastras. La mucama lo recibe y prepara la cama para que lo pongan ahì. La mucama llama a un doctor por telèfono. El policia saluda con un saludo militar y una sonrisa a la mucama.",universities;buildings;campuses;picture postcards,"el amor, el deber  y el crimen",Proimágenes,Image;StillImage,image/jpeg,eng,Patrimonio Fílmico
coll051,001.jpg,crimen,Pedro Moreno Garzon y Vicenzo di Domenico,1926,"El doctor entra en la cama, revisa al doliente.",universities;buildings;campuses;picture postcards,"el amor, el deber  y el crimen",Proimágenes,Image;StillImage,image/jpeg,eng,Patrimonio Fílmico
coll052,001.jpg,noticia,Pedro Moreno Garzon y Vicenzo di Domenico,1926,"mujer protagonista escribe una carta y sale de su casa, se pone guantes y llega un hombre que le da una carta a ella. Al abrirla se entera del crimen y va de inmediato a la casa de su amado en un auto que la recoge. Se ve preocupada en el camino, llega a la casa de su amado",universities;buildings;campuses;picture postcards,"el amor, el deber  y el crimen",Proimágenes,Image;StillImage,image/jpeg,eng,Patrimonio Fílmico
coll053,001.jpg,recuerdo,Pedro Moreno Garzon y Vicenzo di Domenico,1926,"el hombre recuerda cuando estaba en la fiesta sentado hablando con otra mujer, ella muy cercana a èl.",universities;buildings;campuses;picture postcards,"el amor, el deber  y el crimen",Proimágenes,Image;StillImage,image/jpeg,eng,Patrimonio Fílmico
coll054,001.jpg,hombre,Pedro Moreno Garzon y Vicenzo di Domenico,1926,Hombre enciende su tabaco.,universities;buildings;campuses;picture postcards,"el amor, el deber  y el crimen",Proimágenes,Image;StillImage,image/jpeg,eng,Patrimonio Fílmico
coll055,001.jpg,amigas,Pedro Moreno Garzon y Vicenzo di Domenico,1926,amigas con gran abrigo se preparan fernte a espejo y maquillan.,universities;buildings;campuses;picture postcards,"el amor, el deber  y el crimen",Proimágenes,Image;StillImage,image/jpeg,eng,Patrimonio Fílmico
coll056,001.jpg,recuerdos_enfermedad,Pedro Moreno Garzon y Vicenzo di Domenico,1926,hombre recuerda cuando le dispararon,universities;buildings;campuses;picture postcards,"el amor, el deber  y el crimen",Proimágenes,Image;StillImage,image/jpeg,eng,Patrimonio Fílmico
coll057,001.jpg,recuerdo_dibujo,Pedro Moreno Garzon y Vicenzo di Domenico,1926,"hombre està feliz de dibujar y mujer està feliz de ser dibujada, de posar. Cada uno tiene un atuendo especial para ese dibujo. Estàn felices. Se besan y recuestan en un sillòn.",universities;buildings;campuses;picture postcards,"el amor, el deber  y el crimen",Proimágenes,Image;StillImage,image/jpeg,eng,Patrimonio Fílmico
coll058,001.jpg,deber,Pedro Moreno Garzon y Vicenzo di Domenico,1926,"Transiciones hacia fabrica o instituto muestran a hombres esculpiendo. La mujer habla con un hombre de bigote, le duele, sufre hablando con èl. Se imagina estando junto a èl.",universities;buildings;campuses;picture postcards,"el amor, el deber  y el crimen",Proimágenes,Image;StillImage,image/jpeg,eng,Patrimonio Fílmico
coll059,001.jpg,infeliz,Pedro Moreno Garzon y Vicenzo di Domenico,1926,"Estàn a punto de casarse y la mujer parece estar infeliz, tambièn cuando estando juntos la mujer parece estàr incòmoda e infeliz con el hombre de bigote. Ambos leen una revista, pero ella se siente realmetne mal, llora y sufre en varios momentos. Tambièn le comenta su infelicidad a su madre que al consuela.",universities;buildings;campuses;picture postcards,"el amor, el deber  y el crimen",Proimágenes,Image;StillImage,image/jpeg,eng,Patrimonio Fílmico
coll060,001.jpg,deseos,Pedro Moreno Garzon y Vicenzo di Domenico,1926,ella desea estar con el hombre protagonista y tiene recuerdos con èl.,universities;buildings;campuses;picture postcards,"el amor, el deber  y el crimen",Proimágenes,Image;StillImage,image/jpeg,eng,Patrimonio Fílmico
coll061,001.jpg,hijo,Pedro Moreno Garzon y Vicenzo di Domenico,1926,La mujer y el hombre de bigote tienen un hijo,universities;buildings;campuses;picture postcards,"el amor, el deber  y el crimen",Proimágenes,Image;StillImage,image/jpeg,eng,Patrimonio Fílmico
coll062,001.jpg,incendio,Pedro Moreno Garzon y Vicenzo di Domenico,1926,"Hay un incendio en al casa de la mujer, ella intenta salir.",universities;buildings;campuses;picture postcards,"el amor, el deber  y el crimen",Proimágenes,Image;StillImage,image/jpeg,eng,Patrimonio Fílmico
coll063,001.jpg,conversacion,Pedro Moreno Garzon y Vicenzo di Domenico,1925,"hombres pasean a caballo en una hacienta. Llegan a una casa campesina, ellos llevan ruana, hay otro hombre con traje (el dueño de la casa), no tiene corbata, tiene bufanda. Conversan y se presentan, pero no se dan la mano.",universities;buildings;campuses;picture postcards,como los muertos,Proimágenes,Image;StillImage,image/jpeg,eng,Patrimonio Fílmico
coll064,001.jpg,tragedia,Pedro Moreno Garzon y Vicenzo di Domenico,1925,"dos policias llegan a la casa, un hombre y una mujer corren por el campo. Otra mujer le habla a la policia, pero ellos la dejan en el suelo y capturan a la mujer. La otra mujer (su madre) la abraza y despide con mucho dolor.",universities;buildings;campuses;picture postcards,como los muertos,Proimágenes,Image;StillImage,image/jpeg,eng,Patrimonio Fílmico
coll065,001.jpg,llanto,Pedro Moreno Garzon y Vicenzo di Domenico,1925,"homber conversan y manotean, uno le da algo de dinero al hombre de la casa y el hombre se retira. Uno de los hombres de ruana le pregunta al otro si està llorando y el dice que no.",universities;buildings;campuses;picture postcards,como los muertos,Proimágenes,Image;StillImage,image/jpeg,eng,Patrimonio Fílmico
coll066,001.jpg,historia,Pedro Moreno Garzon y Vicenzo di Domenico,1925,"hombre ara el suelo con ayuda de un buey. Un hombre està en lo alto de una casa quinta, llega otro de traje y corbata a caballo. El hombre baja, tambièn de traje y corbata, otro recibe y se lleva al caballo. Ellos se saludan y entran a la casa quinta. Conversan sobre el padre del hombre que llegò mientras caminan por la casa.",universities;buildings;campuses;picture postcards,como los muertos,Proimágenes,Image;StillImage,image/jpeg,eng,Patrimonio Fílmico
coll067,001.jpg,campesinos,Pedro Moreno Garzon y Vicenzo di Domenico,1925,campesinos entran a la hacienda y le hablan a un hombre que sale corriendo.,universities;buildings;campuses;picture postcards,como los muertos,Proimágenes,Image;StillImage,image/jpeg,eng,Patrimonio Fílmico
coll068,001.jpg,pasado,Pedro Moreno Garzon y Vicenzo di Domenico,1925,el hombre sigue contanto la historia con gestos de imprensiòn.,universities;buildings;campuses;picture postcards,como los muertos,Proimágenes,Image;StillImage,image/jpeg,eng,Patrimonio Fílmico
coll069,001.jpg,mercado,Feliz Restrepo,1925,campesinos caminan con burros y bueyes con cargas. Se muestra la fachada del edificio de mercado y los campesinos fuera de él con burros de carga. Hay niños y adultos en constante movimiento.,universities;buildings;campuses;picture postcards,manizales city,Proimágenes,Image;StillImage,image/jpeg,eng,Patrimonio Fílmico
coll070,001.jpg,plaza,Feliz Restrepo,1925,"se muestra la plaza de mercado por dentro, hay niños y adultos comerciando, se ven personas de traje y campesinos, miran a la camara todos. Se ven muchos bananos y habichuelas. Las ventas se hacen en el piso.",universities;buildings;campuses;picture postcards,manizales city,Proimágenes,Image;StillImage,image/jpeg,eng,Patrimonio Fílmico
coll071,001.jpg,edficios_pubblicos,Feliz Restrepo,1925,"imagenes de la escuela publica, se ven hombres fuera vestidos de blanco. Se muestra la la fachada del instituto universitario y de la escuela normal, tiene menos personas, pero vestidas de traje",universities;buildings;campuses;picture postcards,manizales city,Proimágenes,Image;StillImage,image/jpeg,eng,Patrimonio Fílmico
coll072,001.jpg,poder_religioso,Feliz Restrepo,1925,"gobernación de caldas con hombres afuera, carros, caballos. La catedral está dentro de una zona verde, es blanca y grande, no se ven muchas personas. La iglesia tiene personas pasando en frente.",universities;buildings;campuses;picture postcards,manizales city,Proimágenes,Image;StillImage,image/jpeg,eng,Patrimonio Fílmico
coll073,001.jpg,enponsion,Feliz Restrepo,1925,"muchas personas pasando en una calle, hay carros , policia, hombres de corbata y ruana. Hay niños en las esquinas.",universities;buildings;campuses;picture postcards,manizales city,Proimágenes,Image;StillImage,image/jpeg,eng,Patrimonio Fílmico
coll074,001.jpg,calle_real,Feliz Restrepo,1925,"hay una sastreria llamada el progreso, personas pasando en carrozasy sobre todo a pie. Hay hombres transitando, niños y adultos, también carros.",universities;buildings;campuses;picture postcards,manizales city,Proimágenes,Image;StillImage,image/jpeg,eng,Patrimonio Fílmico
coll075,001.jpg,elegancia,Feliz Restrepo,1925,"se muestran edificios grandes, pasan dos mujeres con vestidos elegantes, tambien hay niños.",universities;buildings;campuses;picture postcards,manizales city,Proimágenes,Image;StillImage,image/jpeg,eng,Patrimonio Fílmico
coll076,001.jpg,banco,Feliz Restrepo,1925,fachadas de bancos grandes y blancos con personas afuera.,universities;buildings;campuses;picture postcards,manizales city,Proimágenes,Image;StillImage,image/jpeg,eng,Patrimonio Fílmico
coll077,001.jpg,avenida_cervantes,Feliz Restrepo,1925,"en esta avenida transitan hombres de traje, policia, carros, niños, animales de carga y mujeres en carros",universities;buildings;campuses;picture postcards,manizales city,Proimágenes,Image;StillImage,image/jpeg,eng,Patrimonio Fílmico
coll078,001.jpg,parques,Feliz Restrepo,1925,"en los parques hay mayoritariamente niños, pasan mujeres caminando en vestido y hombres de traje. Hay una estatua de bolivar en medio de un parque",universities;buildings;campuses;picture postcards,manizales city,Proimágenes,Image;StillImage,image/jpeg,eng,Patrimonio Fílmico
coll079,001.jpg,orfelinato,Feliz Restrepo,1925,"en el orfanato la fachada parece en construcción, hay un auto afuera, pero no muchas personas. Dentro hay muchas niñas en vestido, uniformadas que caminan en filas. Mnojas que llevan a niños tambén en uniforme y todos con peinado de totuma, caminan en fila.",universities;buildings;campuses;picture postcards,manizales city,Proimágenes,Image;StillImage,image/jpeg,eng,Patrimonio Fílmico
coll080,001.jpg,hospital_caridad,Feliz Restrepo,1925,"el hospital es es pequeño, tiene hombres haciendo limpieza adentro",universities;buildings;campuses;picture postcards,manizales city,Proimágenes,Image;StillImage,image/jpeg,eng,Patrimonio Fílmico
coll081,001.jpg,asilo,Feliz Restrepo,1925,"en el asilo se ven muchas personas, sobre todo hmobrs mayores de pie que miran a la camara y una monja, tambien hay zonas verdes y algunos niños. Hombres acostdos y  un niño sin un brazo. Todos posan frenta la camara, las monjas los ubican casi que por estatura frente a la camara. Unas niñas juegan a llevar a otra alzada.",universities;buildings;campuses;picture postcards,manizales city,Proimágenes,Image;StillImage,image/jpeg,eng,Patrimonio Fílmico
coll082,001.jpg,globo,Feliz Restrepo,1925,"un globo aerostatico en medio de una plaza se eleva en el cielo con alguien arriba, haymuchas personas alrededor, más que en cualquier otro momento. Sobre una carretera transitan carros y niños. De un carro bajan dos mujeres elegantes y un par de hombres elegantes, atrás está un policia.  Transitan carros constantemente por la avenida  niños pasan corriendo. De los autos bajan mujeres elegantes con vestidos y abrigos, también aparece una niña con vestido.",universities;buildings;campuses;picture postcards,manizales city,Proimágenes,Image;StillImage,image/jpeg,eng,Patrimonio Fílmico
coll083,001.jpg,circo_lapresidencia,Feliz Restrepo,1925,"hombres vestidos de toreros caminan fila y fuman frente a la camara. Algunas mujeres se bajan de otro carro, muy elegantes. Dentro de una plaza se bajan varias mujeres con vestidos exuberantes. Otra mujer elegante lleva a dos niños de la mano, niños vestidos con traje. En el paseo de la cuadrilla corre un toro grande, los toreron intentan clavarle banderines mientras el público mira, dentro de este se encuentran las mujeres con vestidos exuberantes. Los toreros siguen poniendole banderillas a varios toros hasta que logran que se acuesten. Hombres de traje alzan al torero y lo cargan, vuelan papeles como celebración",universities;buildings;campuses;picture postcards,manizales city,Proimágenes,Image;StillImage,image/jpeg,eng,Patrimonio Fílmico
coll084,001.jpg,75aniversario,Feliz Restrepo,1925,Ex gobernador del valle pronuncia un discurso en una plaza y muchas personas lo escuchan desde la calle.,universities;buildings;campuses;picture postcards,manizales city,Proimágenes,Image;StillImage,image/jpeg,eng,Patrimonio Fílmico
coll085,001.jpg,militar,Feliz Restrepo,1925,"Las imágenes muestran un desfile militar, muchos hombres caminan sobre una calle principal.",universities;buildings;campuses;picture postcards,manizales city,Proimágenes,Image;StillImage,image/jpeg,eng,Patrimonio Fílmico
coll086,001.jpg,carnaval,Feliz Restrepo,1925,"Se muestran mujeres con vestidos y coronas y un niño vestido con disfraz de virrey o noble. Varias carrozas pasan mientras que algunos niños tocan el carro, estos tienen camisas blancas y otros vestidos de ropas oscuras al fondo solo observan. El público se compone de campesinos, personas de traje y niños de sombreros. Las mujeres sobre todo están dentro de las carrozas con trajes del carnaval. El carnaval también tiene músicos que aparecen poco, los niños siguen corriendo a las carrrozas. También hay unos pocos niños disfrazados, hay disfraces de palomas, soldados antiguos, marineras, etc. Entre la multitud se abre paso una cavalgata en la que se pueden identificar hombres con disfraces y sin ellos sobre los caballos. El carnaval continua con disfraces de cabezas enormes y banderas",universities;buildings;campuses;picture postcards,manizales city,Proimágenes,Image;StillImage,image/jpeg,eng,Patrimonio Fílmico
coll087,001.jpg,escuela_arte,Feliz Restrepo,1925,"La inauguración de la escuela de arte es asistida por 5000 estudiantes. Las personas que se muestran en pantalla son diversas, se identifican a las mujeres cubiertas y vestidas de negro caminando por un lado y el resto de personas con uniformes pasan por el centro de la calle en filas. Todos se situan en la plaza donde está la estatua de Bolivar y dan vueltas alrededor de la estatua luego de un discurso de un hombre con traje que se levanta entre la multitud.",universities;buildings;campuses;picture postcards,manizales city,Proimágenes,Image;StillImage,image/jpeg,eng,Patrimonio Fílmico
coll088,001.jpg,muerte_gobernadovalle,Feliz Restrepo,1925,"Carruajes y soldados desfilan sobre la calle, niños los acompañan alrededor. El  carro fúnebre es muy grande, varios carros llevan muchas flores y personas caminan alrededor de los carros, se distinguen sobre todo hombres que caminan sobre una calle central. Un carro lleva una gran corona de flores",universities;buildings;campuses;picture postcards,manizales city,Proimágenes,Image;StillImage,image/jpeg,eng,Patrimonio Fílmico
coll089,001.jpg,palabras,Feliz Restrepo,1925,Un hombre da una palabras por la muerte del Gobernador del Valle del Cauca y múltiples personas lo rodean.,universities;buildings;campuses;picture postcards,manizales city,Proimágenes,Image;StillImage,image/jpeg,eng,Patrimonio Fílmico
coll090,001.jpg,vuelve_carnaval,Feliz Restrepo,1925,"Mujeres con trajes negros fuman mientras hacen un baile, mujeres disfrazadas de hombres con traje también bailan y fuman con ellas pero con pipas.En un momento del baile, las mujeres se tumban al piso recostadas de medio lado y los hombres les ponen un pie encima mientras fuman y dan vueltas rodeandolas. Se reanuda el baile en pareja y al final aparecen personas disfrazas de animales comiendo del piso.",universities;buildings;campuses;picture postcards,manizales city,Proimágenes,Image;StillImage,image/jpeg,eng,Patrimonio Fílmico
coll091,001.jpg,montañas,Feliz Restrepo,1925,imagenes de las montañas cercanas a Manizales,universities;buildings;campuses;picture postcards,manizales city,Proimágenes,Image;StillImage,image/jpeg,eng,Patrimonio Fílmico
coll092,001.jpg,incendio,Feliz Restrepo,1925,"Imágenes de ruinas con humo sobre ellas de edificios que no se pueden reconocer. Entre las ruinas caminan niños y hombres, uno intenta recoger algo del piso. Una imagen muestra a un banco y a soldados custiodando su entrada.",universities;buildings;campuses;picture postcards,manizales city,Proimágenes,Image;StillImage,image/jpeg,eng,Patrimonio Fílmico
coll093,001.jpg,palacio_municipal,Feliz Restrepo,1925,"imagenes del palacio municipal, pasa un hombre (soldado) y un carro con personas dentro de este. Fuera de palacio se reunen muchas personas, también hay algunas dentro.",universities;buildings;campuses;picture postcards,manizales city,Proimágenes,Image;StillImage,image/jpeg,eng,Patrimonio Fílmico
coll094,001.jpg,droguerias,Feliz Restrepo,1925,imagenes del ruinas del lugar donde se ubicaban las droguerias.,universities;buildings;campuses;picture postcards,manizales city,Proimágenes,Image;StillImage,image/jpeg,eng,Patrimonio Fílmico
coll095,001.jpg,bancos,Feliz Restrepo,1925,"imagenes de una maquina de escribir entre ruinas, placas de bancos y sus escombros con humo. Fuera de las ruinas del banco de caldas hombres revisan los papeles del suelo. El banco ruiz es custodiado por soldados dentro y fuera de las ruinas",universities;buildings;campuses;picture postcards,manizales city,Proimágenes,Image;StillImage,image/jpeg,eng,Patrimonio Fílmico
coll096,001.jpg,seguros,Feliz Restrepo,1925,muchas personas escuchan la lectura de un telegrama de las compañias de seguros y al terminar se van rapidamente. Todos los oyentes parecen tener sombrero,universities;buildings;campuses;picture postcards,manizales city,Proimágenes,Image;StillImage,image/jpeg,eng,Patrimonio Fílmico
coll097,001.jpg,imprentas,Feliz Restrepo,1925,imagenes de las ruinas de una imprenta y algunas de sus maquiinarias,universities;buildings;campuses;picture postcards,manizales city,Proimágenes,Image;StillImage,image/jpeg,eng,Patrimonio Fílmico
coll098,001.jpg,teatro_olimpua,Feliz Restrepo,1925,ruinas del teatro,universities;buildings;campuses;picture postcards,manizales city,Proimágenes,Image;StillImage,image/jpeg,eng,Patrimonio Fílmico
coll099,001.jpg,almacenes,Feliz Restrepo,1925,"ruinas de los almacenes, en uno de ellos se ven soldados en las ruinas. Uno de ellos mira a la cámara. Hombres y mujeres caminan entre las ruinas, una de ellas lleva un costal al hombro.",universities;buildings;campuses;picture postcards,manizales city,Proimágenes,Image;StillImage,image/jpeg,eng,Patrimonio Fílmico
coll100,001.jpg,exponsion,Feliz Restrepo,1925,"Ruinas de la calle, también tiene un soldado custiodando. Personas, niños, mujeres, la mayoría de ruana y trajes desprolijos busca entre basuras y escombros",universities;buildings;campuses;picture postcards,manizales city,Proimágenes,Image;StillImage,image/jpeg,eng,Patrimonio Fílmico
coll101,001.jpg,palacio,Feliz Restrepo,1925,Imagenes del palacio y las ruinas aledañas. Soldados caminan entre las calles aledañas al palacio,universities;buildings;campuses;picture postcards,manizales city,Proimágenes,Image;StillImage,image/jpeg,eng,Patrimonio Fílmico
coll102,001.jpg,iglesias,Feliz Restrepo,1925,"la iglesia catedral quedó en pie luego del incendio, siguen pasando soldados, se reconocen bultos sobre las ruinas de edificios.",universities;buildings;campuses;picture postcards,manizales city,Proimágenes,Image;StillImage,image/jpeg,eng,Patrimonio Fílmico
coll103,001.jpg,energia,Feliz Restrepo,1925,texto de los realizadores que da cierre a la película.,universities;buildings;campuses;picture postcards,manizales city,Proimágenes,Image;StillImage,image/jpeg,eng,Patrimonio Fílmico
coll104,001.jpg,senadores,P.P. Jambrina,1926,"el tio sam se acerca a un mapa de Colombia y trata de tocar a Panamá. Los periodistas ven el dario y ríen, se distribute el diario por una sala y se muestran las maquinas donde se producen los diarios. Uno de los periodistas se reune con su jefe y estrecha la mano, aparece un senador y los felicita por su editorial, les da la mano. El senador toma del hombro del periodista y camina junto a él.",universities;buildings;campuses;picture postcards,garras de oro,Proimágenes,Image;StillImage,image/jpeg,eng,Patrimonio Fílmico
coll105,001.jpg,noticia,P.P. Jambrina,1926,"Un niño proclama la llegada del diario, mientras tanto un hombre de traje elegante lee un diario sentado junto a una mujer. Llega otro hombre de traje y le da la mano, lo presentan con una mujer de nombre Berta.",universities;buildings;campuses;picture postcards,garras de oro,Proimágenes,Image;StillImage,image/jpeg,eng,Patrimonio Fílmico
coll106,001.jpg,bar,P.P. Jambrina,1926,"Un hombre lee un diario en un bar y le cuenta a una mujer, ambos tienen traje desprolijo. El hombre le escupe a la mujer el trago y le pide disculpas, la mujer sonríe.",universities;buildings;campuses;picture postcards,garras de oro,Proimágenes,Image;StillImage,image/jpeg,eng,Patrimonio Fílmico
coll107,001.jpg,historia_panama,P.P. Jambrina,1926,"Don Pedro está de pie en una mesa en la que están sentada las dos mujeres, una joven y una mayor, también está un hombre de traje y los atiende una empleada del hogar. Aparece una imagen de la bandera de colombia. La bandera se baja de su mastil. Dos barcos militares aparecen y se hace enfoque en una bandera de Estados Unidos. Mientras Don Pedro cuenta la historia de Panamá la empleada trae bebidas que sirve la mujer joven, todos brindan de pie. En medio del brindis Don Pedro se ofende con el hombre yanqui y se retira de la sala con la mujer mayor.",universities;buildings;campuses;picture postcards,garras de oro,Proimágenes,Image;StillImage,image/jpeg,eng,Patrimonio Fílmico
coll108,001.jpg,battery,P.P. Jambrina,1926,"En un club de hombres elegantes que tienen trajes, un hombre trae el periodico y lo lee, la noticia es sobre la traición de los yanquis con Colombia. Todos los hombres se ven impactados y se ponen de pie. Uno de los hombres le dice a otro que no está de acuerdo con los yanquis.",universities;buildings;campuses;picture postcards,garras de oro,Proimágenes,Image;StillImage,image/jpeg,eng,Patrimonio Fílmico
coll109,001.jpg,infiel,P.P. Jambrina,1926,"Un hombre besa a una mujer y otra mujer se da cuenta a través de una cortina. La mujer que se da cuenta se ve afectada, se toma la cabeza y sale del lugar. El hombre deja de besar a la otra mujer y se asusta, manotea y trata con brusquedad a la mujer que besaba. La mujer que se fue es rodeada de algunas personas mientras camina. Todos estaban en un lugar muy elegante que tiene bailarines y una banda de cámara en vivo y personas bailando en trajes. Cuando el hombre sale enojado de la habitación en la que estaba con la mujer, un hombre pequeño (que puede ser un enano o un niño) se quedan en la entrada riendo. Cuando sale la mujer del lugar, el hombre pequeño le hace una insinuación y esta lo empuja. El hombre grande lo alza en sus brazos y ambos se ríen de la mujer.",universities;buildings;campuses;picture postcards,garras de oro,Proimágenes,Image;StillImage,image/jpeg,eng,Patrimonio Fílmico
coll110,001.jpg,baile,P.P. Jambrina,1926,Hombres y mujeres bailan con una banda de fondo.,universities;buildings;campuses;picture postcards,garras de oro,Proimágenes,Image;StillImage,image/jpeg,eng,Patrimonio Fílmico
coll111,001.jpg,amante,P.P. Jambrina,1926,"Una mujer está acostada, otra muje que puede ser una empleada, le abre las puertas de la habitación y entra un hombre. Se sienta con ella. Ella procede a contarle que Paterson tiene una amante colombiana y por tanto no es de confiar, también le cuenta que es un afionado al licor. Se muestran escenas que ejemplifican esas situaciones contadas por la mujer. La conversación se desarrolla dentro de una sala. Se muestra una imagen de la amante colombiana de Paterson triste en soledad mientras recuerda la traición de Paterson.",universities;buildings;campuses;picture postcards,garras de oro,Proimágenes,Image;StillImage,image/jpeg,eng,Patrimonio Fílmico
coll112,001.jpg,cacao,P.P. Jambrina,1926,"Dos hombres conversan en una mesa, se hace un enfoque en el director de un periódico quien no sabe si aceptar al otro hombre en su editorial.",universities;buildings;campuses;picture postcards,garras de oro,Proimágenes,Image;StillImage,image/jpeg,eng,Patrimonio Fílmico
coll113,001.jpg,venganza,P.P. Jambrina,1926,"Una empleada trae una carta a un hombre que está sentado. Este la abre y cuando la lee parece muy enojado, golpea la mesa. Camina a hablar con su hija que está sentada con su madre en un patio (la colombiana amante de Paterson) y le entrega la carta",universities;buildings;campuses;picture postcards,garras de oro,Proimágenes,Image;StillImage,image/jpeg,eng,Patrimonio Fílmico
coll114,001.jpg,gringos,P.P. Jambrina,1926,Dos hombres sentados y uno de pie conversan. Los hombres se levantan y se estrechan la mano tras la afirmativa del hombre de pie.  Antes de irse uno de los hombres le da la mano a Smith (el que estaba de pie),universities;buildings;campuses;picture postcards,garras de oro,Proimágenes,Image;StillImage,image/jpeg,eng,Patrimonio Fílmico
coll115,001.jpg,espinas,P.P. Jambrina,1926,Una mujer recoge flores de una planta. Una empleada le trae una carta que luego de leerla la arruga y la lleva consigo a la casa.,universities;buildings;campuses;picture postcards,garras de oro,Proimágenes,Image;StillImage,image/jpeg,eng,Patrimonio Fílmico
coll116,001.jpg,atlantic,P.P. Jambrina,1926,"Un barco muy grande se llena de pasajeros. Una mujer observa fuera del barco a paterson y este la ve de lejos. Ambos se despiden, la mujer con un pañuelo y el hombre con su sombrero. Otra mujer se despide también del hombre lo que enoja a Paterson y entristece a la  primera mujer. Ella se tapa los oidos y se esconde tras la columna",universities;buildings;campuses;picture postcards,garras de oro,Proimágenes,Image;StillImage,image/jpeg,eng,Patrimonio Fílmico
coll117,001.jpg,traiciones,P.P. Jambrina,1926,Dos hombres sentados convesan.,universities;buildings;campuses;picture postcards,garras de oro,Proimágenes,Image;StillImage,image/jpeg,eng,Patrimonio Fílmico
coll118,001.jpg,nueva_empleada,P.P. Jambrina,1926,una mujer trabaja en la editorial. Su jefe se sienta con ella en su puesto de trabajo y la toma del brazo mientras ambos sonrien.,universities;buildings;campuses;picture postcards,garras de oro,Proimágenes,Image;StillImage,image/jpeg,eng,Patrimonio Fílmico
coll119,001.jpg,espia,P.P. Jambrina,1926,Russell intenta encontrar algo en una mesa mientra que llegan dos hombres. Russell llama por telefono a alguien con cara de seriedad y preocupación.,universities;buildings;campuses;picture postcards,garras de oro,Proimágenes,Image;StillImage,image/jpeg,eng,Patrimonio Fílmico
coll120,001.jpg,misterioso,P.P. Jambrina,1926,"en una mesa varios hombres conversan. Al fondo, otros hombres disparan a un blanco puesto en la pared. Viene otro hombre y pide disparar. Le dan el arma.",universities;buildings;campuses;picture postcards,garras de oro,Proimágenes,Image;StillImage,image/jpeg,eng,Patrimonio Fílmico
coll121,001.jpg,parque_independencia,P.P. Jambrina,1926,Dos hombres caminan por el parque de la independencia mientras conversan sobre una bailarina. Ambos llevan traje y sombrero. Se  detienen y conversan de muy cerca.,universities;buildings;campuses;picture postcards,garras de oro,Proimágenes,Image;StillImage,image/jpeg,eng,Patrimonio Fílmico
coll122,001.jpg,diplomacias,P.P. Jambrina,1926,"en un salón varias parejas elegantes bailan mientras otros conversan. Hay dos parejas sentadas y un hombre de pie. Una pareja sentada conversa mientras se toma de las manos. Aperece un grupo de baile, todas mujeres que están vestidas con atuendos de seda que cubren sus cabezas, senos y partes de las piernas y cadera. Otra mujer toca el piano mientras ellas bailan. Un hombre identifica a una bailarina como una amenaza. Ellas completan su acto y el hombre procede a llamar a otro para contarle sobre la bailarina. La bailarina procede a contarle a un hombre sobre Paterson.",universities;buildings;campuses;picture postcards,garras de oro,Proimágenes,Image;StillImage,image/jpeg,eng,Patrimonio Fílmico
coll123,001.jpg,idilio,P.P. Jambrina,1926,Un hombre se acerca a Paterson sin que esté se de cuenta y lo escucha hablando con una mujer. Este hombre habla con la bailarina mientras las parejas siguen bailando con la banda de fondo.,universities;buildings;campuses;picture postcards,garras de oro,Proimágenes,Image;StillImage,image/jpeg,eng,Patrimonio Fílmico
coll124,001.jpg,informacion,P.P. Jambrina,1926,"3 hombres entran enuna sala, tienen abrigos y trajes. dos de ellos se dirigen a otro cuarto y sacan algo de un armario. Sale de la habitación otro hombre con sigilo y llama a un carruaje para escapar en él. Mientras tanto, los dos hombres conversan con unos papeles en la mano. El hombre que escapó se dirige a una casa con una fachada de ladrillo, allí sale un hombre con el conversan en la puerta.",universities;buildings;campuses;picture postcards,garras de oro,Proimágenes,Image;StillImage,image/jpeg,eng,Patrimonio Fílmico
coll125,001.jpg,viaje,P.P. Jambrina,1926,"una pareja viaja en tren mientras un hombre llega a hablar con él en una cabaña cerca a un rio. La pareja llega y desciente del tren. Dos hombres interrumpen su unión cargando maletas, uno de ellos escapa.",universities;buildings;campuses;picture postcards,garras de oro,Proimágenes,Image;StillImage,image/jpeg,eng,Patrimonio Fílmico
coll126,001.jpg,inspector,P.P. Jambrina,1926,"un hombre camina por un camino de campo y mira un poste, se prepara para subir en él. La escena muestra varios trabajadores cargando bultos hacia el barco.",universities;buildings;campuses;picture postcards,garras de oro,Proimágenes,Image;StillImage,image/jpeg,eng,Patrimonio Fílmico
coll127,001.jpg,detective,P.P. Jambrina,1926,"un hombre y una mujer entran en el barco, se detienen en su entrada y luego avanzan. Un hombre habla por teléfono con enojo y preocupación. Un joven con una maleta corre y otro le da instrucciones. Mientras correo por un camino rural cerca a una laguna, otro hombre lo sigue de cerca y le intenta quitar la maleta. Ambos hombres forcejean y caen al agua. Otro sujeto intenta disparar contra ellos y dos hombres le detinenen, también forcejean pero el hombre se presenta como detective y detienen la pelea. Mientras tanto, el ladrón logró quitarle la maleta al joven.",universities;buildings;campuses;picture postcards,garras de oro,Proimágenes,Image;StillImage,image/jpeg,eng,Patrimonio Fílmico
coll128,001.jpg,equipaje,P.P. Jambrina,1926,"3 hombres conversan sobre los documentos, se dan la mano y parecen estar felices y tranquilos. El detective se devuelve al barco donde entró el hombre con la maleta, saluda a una mujer con un abrazo, se dan la mano y se alejan. Aparecen imagenes de la vista del barco en movimiento, del agua y el paisaje. El hombre dueño del equipaje pide que le lleven sus paletas a su puesto.",universities;buildings;campuses;picture postcards,garras de oro,Proimágenes,Image;StillImage,image/jpeg,eng,Patrimonio Fílmico
coll129,001.jpg,sentencia,P.P. Jambrina,1926,"Un tribunal jurídico debate en un salón. Allí están 3 jueces con sus sótanas y una mujer en el estrado. Entra un hombre y les entrega la documentación a los jueces, estos disuelven el caso.",universities;buildings;campuses;picture postcards,garras de oro,Proimágenes,Image;StillImage,image/jpeg,eng,Patrimonio Fílmico
coll130,001.jpg,celebracion,P.P. Jambrina,1926,"una comida es celebrada por el triunfo de Moore. Todas las personas sentadas visten elegantes, tienen una mesa en L. Solo se observan 2 mujeres y unos 14 hombres con dos mayordomos. La sala está adornada con 4 banderas de los estados unidos de america sobre sus paredes. Moore da algunas palabras de pie para todos los asistentes, mientras él habla se muestran imágenes que ejemplifican lo que está diciendo, se muestran barcos y un barco militar con soldados dentro que enfocan y lanzan cañones. Al finalizar el discurso, Moore propone un brindis, todas las personas se levantan de sus sillas y beben de sus copas, al sentarse todos aplueden y se retiran del salón. En la mesa solo quedan sentados una pareja: Paterson y una joven que se toman la mano y se muestran imágenes de ellos felices.",universities;buildings;campuses;picture postcards,garras de oro,Proimágenes,Image;StillImage,image/jpeg,eng,Patrimonio Fílmico
coll131,001.jpg,patria,P.P. Jambrina,1926,"En la casa de Paterson y su esposa juegan varios niños con otro hombre. Los niños llevan una bandera que parece ser de Colombia. Moore llega a la casa de Paterson el 20 de julio, se saludan con felicidad. Paterson le pone la mano sobre el hombro a Moore. Los niños felices desfilan con la bandera de Colombia y el hombre con el que juegan les dice: firmes. Los niños ponen su mano sobre la frente como un saludo militar.  Aparece una imagen de la bandera de Colombia izando en el aire.",universities;buildings;campuses;picture postcards,garras de oro,Proimágenes,Image;StillImage,image/jpeg,eng,Patrimonio Fílmico
coll132,001.jpg,tiosam,P.P. Jambrina,1926,"El tio sam se acerca a un mapa de colombia, delante de él se encuentra una mujer vestida como la justicia que sostitene una balanza en la que el tio sam pone a panama y la sopesa con dinero, pero la balanza indica que no puede comparla a pesar del gran dinero que pone allí.",universities;buildings;campuses;picture postcards,garras de oro,Proimágenes,Image;StillImage,image/jpeg,eng,Patrimonio Fílmico
coll133,001.jpg,presentacion_personaje,Feliz Joaquin Rodriguez,1925,"presentaciòn del mayordomo y sus actividades. El hombre juega con un perro. Me muestran imagenes de arreos de reces por un puente mientras hay personas al lado. El hombre lanza caña de azucar a una maquina, camina por el terreno limpiando acompañado de su perro, tala algunas hojas de plantas.Hombre acaricia gato y se sienta. Se recuesta en un arbol a pensar en amor mientras observa a una pareja de campesinos elevar cometa. Otro hombre le llama, un campesino que que le dice don.",universities;buildings;campuses;picture postcards,alma provinciana,Proimágenes,Image;StillImage,image/jpeg,eng,Patrimonio Fílmico
coll134,001.jpg,carta,Feliz Joaquin Rodriguez,1925,El mayordomo recibe una carta de otro hombre (Juliàn),universities;buildings;campuses;picture postcards,alma provinciana,Proimágenes,Image;StillImage,image/jpeg,eng,Patrimonio Fílmico
coll135,001.jpg,preparacion,Feliz Joaquin Rodriguez,1925,"una mujer campesina mata gallinas. El mayordomo se peluquea y afeita, se lo hace otro hombre mientras pasa n niño con una carga en la espalda. Las ropas del niño y el peluquero tienen prendas modestas mientras que el mayordomo viste elegante.",universities;buildings;campuses;picture postcards,alma provinciana,Proimágenes,Image;StillImage,image/jpeg,eng,Patrimonio Fílmico
coll136,001.jpg,flores,Feliz Joaquin Rodriguez,1925,"Un caballo llega con una mujer, la hija de Julìan, el caballo lo recibe un niño. La mujer y el mayordomo se miran, tambièn entra Julian a la casa junto a ellos. Julian està enojado por las flores. Una mucama le trae algo para beber a la mujer y su padre y se va.",universities;buildings;campuses;picture postcards,alma provinciana,Proimágenes,Image;StillImage,image/jpeg,eng,Patrimonio Fílmico
coll137,001.jpg,amor_prohibido,Feliz Joaquin Rodriguez,1925,"el padre, mayordomo y la mujer caminan sobre el terreno. Mientras otro hombre distrae al padre, el mayordomo se acerca a la mujer y caminan juntos, tienen sombreros, ropa blanca y paraguas. Hablan de amor pero el padre (julian) se percata de eso y los separa.",universities;buildings;campuses;picture postcards,alma provinciana,Proimágenes,Image;StillImage,image/jpeg,eng,Patrimonio Fílmico
coll138,001.jpg,interaccion,Feliz Joaquin Rodriguez,1925,"el mayordomo y la mujer se dan la mano, èl le ayuda a subir al caballo, el padre tambien sube a uno y parten, ella se despide a lo lejos.",universities;buildings;campuses;picture postcards,alma provinciana,Proimágenes,Image;StillImage,image/jpeg,eng,Patrimonio Fílmico
coll139,001.jpg,afan,Feliz Joaquin Rodriguez,1925,"Julian (el padre) està guardando las ganacias, revisa qe nadie lo vea, lo cuenta y lo esconde en un baùl mientras fuma. Entra a la casa y vuelve",universities;buildings;campuses;picture postcards,alma provinciana,Proimágenes,Image;StillImage,image/jpeg,eng,Patrimonio Fílmico
coll140,001.jpg,enfermo,Feliz Joaquin Rodriguez,1925,"El hijo (gerardo) se hace el enfermo para no ir a misa, entra la madre (cristina) y lo cuida.  El hombre decide escapar, està vestido de blanco, usa sombrero y traje,",universities;buildings;campuses;picture postcards,alma provinciana,Proimágenes,Image;StillImage,image/jpeg,eng,Patrimonio Fílmico
coll141,001.jpg,escape,Feliz Joaquin Rodriguez,1925,"El hijo escapa a tientas, toma dinero de su padre y se escapa por los tejados, se encuentra con su amigo Gerardo mientras rìen.",universities;buildings;campuses;picture postcards,alma provinciana,Proimágenes,Image;StillImage,image/jpeg,eng,Patrimonio Fílmico
coll142,001.jpg,cerenata,Feliz Joaquin Rodriguez,1925,El hijo le da una cerenata a su novia con otros dos hombres de guitarra vestidos de blanco.,universities;buildings;campuses;picture postcards,alma provinciana,Proimágenes,Image;StillImage,image/jpeg,eng,Patrimonio Fílmico
coll143,001.jpg,pelea,Feliz Joaquin Rodriguez,1925,"El alcalde y su secretario festejan, ambos muy elegantes de traje y sombrero, beben de copas. Un mesero les sirve tragos en el mismo bar al hijo y los mùsicos. Los hombres pelean con el alcalde y su secretario, llega la policia y los saca.",universities;buildings;campuses;picture postcards,alma provinciana,Proimágenes,Image;StillImage,image/jpeg,eng,Patrimonio Fílmico
coll144,001.jpg,noticia,Feliz Joaquin Rodriguez,1925,Julian (el padre) està leyendo el periodico y se estera que su hijo y su amigo fueron arrestados. Se enoja mucho,universities;buildings;campuses;picture postcards,alma provinciana,Proimágenes,Image;StillImage,image/jpeg,eng,Patrimonio Fílmico
coll145,001.jpg,camino,Feliz Joaquin Rodriguez,1925,El mayordomo va en caballo hacia el pueblo.,universities;buildings;campuses;picture postcards,alma provinciana,Proimágenes,Image;StillImage,image/jpeg,eng,Patrimonio Fílmico
coll146,001.jpg,carcel,Feliz Joaquin Rodriguez,1925,Los amigos en la carcel se rien y hablan sobre los golpes que les dieron. La policia los saca y ellos parecen felices,universities;buildings;campuses;picture postcards,alma provinciana,Proimágenes,Image;StillImage,image/jpeg,eng,Patrimonio Fílmico
coll147,001.jpg,modisteria,Feliz Joaquin Rodriguez,1925,"Maria arregla un vestido, como maniqui usa a un niño que se va corriendo mientras ella se rie de él. Invita a sentar al mayordomo, parecen felices. Pasan frente a elllos unos campesinos arrendatarios y los llaman para verlos.",universities;buildings;campuses;picture postcards,alma provinciana,Proimágenes,Image;StillImage,image/jpeg,eng,Patrimonio Fílmico
coll148,001.jpg,campesinos,Feliz Joaquin Rodriguez,1925,"Los campesinos se sostinenen las manos, tienen ropas tìpicas del campo. Los campesinos tocan instrumentos y bailan. Los musicos son mas viejos y tienen ropas humildes que el resto de campesinos, no tienen la cara blanca.",universities;buildings;campuses;picture postcards,alma provinciana,Proimágenes,Image;StillImage,image/jpeg,eng,Patrimonio Fílmico
coll149,001.jpg,maria,Feliz Joaquin Rodriguez,1925,"Cuando se van los campesinos, la hija habla con el mayordomo sobre la felicidad y el dinero. Parecen coquetear, pero el padre los observa por la cerradura de la puerta, se ve enojado, entra y maria se va. Cuando el padre entra solo encuentra al mayordomo, discuten y pelan hasta que el padre saca un arma de fuego y antes de que logre disparar la hija entra a separarlos. El mayordomo se va y el padre se enoja con la hija. Llega el hijo (Gerardo) y habla con ella, ella llora.",universities;buildings;campuses;picture postcards,alma provinciana,Proimágenes,Image;StillImage,image/jpeg,eng,Patrimonio Fílmico
coll150,001.jpg,tuyo,Feliz Joaquin Rodriguez,1925,"La hija recibe una carta del mayordomo, la lee sentada y llora al terminar.",universities;buildings;campuses;picture postcards,alma provinciana,Proimágenes,Image;StillImage,image/jpeg,eng,Patrimonio Fílmico
coll151,001.jpg,corrida,Feliz Joaquin Rodriguez,1925,"En el cumpleaños del padre, sus admiradores le festejan con una corrida a la que asiste gran cantidad de personas. Se puede ver a un toro y varios toreros",universities;buildings;campuses;picture postcards,alma provinciana,Proimágenes,Image;StillImage,image/jpeg,eng,Patrimonio Fílmico
coll152,001.jpg,bandido,Feliz Joaquin Rodriguez,1925,"El hijo y su amigo deciden ir a caballo hacia la capital, deben cruzar un pàramo. En medio de su camino, beben y rien. Un vigilante los ve y llama a otros, estos son ladrones que los intentan asaltar pero se dan cuenta que no tiene mucho para robarles. Los ladrones los dejan ir les disparan cuando se van.",universities;buildings;campuses;picture postcards,alma provinciana,Proimágenes,Image;StillImage,image/jpeg,eng,Patrimonio Fílmico
coll153,001.jpg,llegada,Feliz Joaquin Rodriguez,1925,"un tren llega a la ciudad, se bajan varias personas y un par de hombres suben a un carro. varios hombres y niños se acercan al carro a venderles cosas y miran a la càmara.",universities;buildings;campuses;picture postcards,alma provinciana,Proimágenes,Image;StillImage,image/jpeg,eng,Patrimonio Fílmico
coll154,001.jpg,infiel,Feliz Joaquin Rodriguez,1925,un par de hombres caminan por un parque y charlan sobre sus novias.,universities;buildings;campuses;picture postcards,alma provinciana,Proimágenes,Image;StillImage,image/jpeg,eng,Patrimonio Fílmico
coll155,001.jpg,rosita,Feliz Joaquin Rodriguez,1925,"muestra en plano medio a rosita, una trabajadora de una fabrica. Muestran partes de sus labores. El padre de rosita es un hombre que trabaja en una zapateria y su madre està muy enferma. Se muestra lisiada en una cama. Ambos intentan tratarla, pero ella sufre mucho.",universities;buildings;campuses;picture postcards,alma provinciana,Proimágenes,Image;StillImage,image/jpeg,eng,Patrimonio Fílmico
coll156,001.jpg,preparatorios,Feliz Joaquin Rodriguez,1925,El  hijo (gerardo) celebra con sus amigos bebiendo. Todos estàn de traje y peinados.,universities;buildings;campuses;picture postcards,alma provinciana,Proimágenes,Image;StillImage,image/jpeg,eng,Patrimonio Fílmico
coll157,001.jpg,remedio,Feliz Joaquin Rodriguez,1925,"Rosita acompaña a su madre en su cama y enfermedad. La madre parece sufrir mucho y la hija tambièn por su madre. El padre le da dinero y le pide que vaya a comprar un remedio. Mientras tanto, Gerardo y sus amigos duermen de ebriedad, Gerardo sale a caminar y se encuentra en la calle con Rosita que ya tenìa la medicina para su madre. Gerardo la intenta intimidar y Rosita le intanta clavar un cuchillo, no lo hace, pero el hombre la persigue hasta su casa. Al llegar le da el remedio a su madre.",universities;buildings;campuses;picture postcards,alma provinciana,Proimágenes,Image;StillImage,image/jpeg,eng,Patrimonio Fílmico
coll158,001.jpg,cupido,Feliz Joaquin Rodriguez,1925,Gerardo vuelve a su casa sintiendo enamoramiento por Rosita. Se sienta y piensa en su encuentro mientras se arregla por dormir. Aparece un niño pequeño disfrazado de cupido. Dormido sueña con una mujer vestida de blanco que le habla.,universities;buildings;campuses;picture postcards,alma provinciana,Proimágenes,Image;StillImage,image/jpeg,eng,Patrimonio Fílmico
coll159,001.jpg,zapatos,Feliz Joaquin Rodriguez,1925,Gerardo va a la zapateria del padre de Rosita y le pregunta por ella.,universities;buildings;campuses;picture postcards,alma provinciana,Proimágenes,Image;StillImage,image/jpeg,eng,Patrimonio Fílmico
coll160,001.jpg,reclamo,Feliz Joaquin Rodriguez,1925,"Gerardo se encuentra con la mujer en la zapateria de su padre, pero ella no le corresponde, solo se enfoca en devolverle los zapatos y lo despide.",universities;buildings;campuses;picture postcards,alma provinciana,Proimágenes,Image;StillImage,image/jpeg,eng,Patrimonio Fílmico
coll161,001.jpg,pensamientos,Feliz Joaquin Rodriguez,1925,"Gerardo se queda en una zona verde y piensa en Rosa, pero tambièn en su padre y su enojo.",universities;buildings;campuses;picture postcards,alma provinciana,Proimágenes,Image;StillImage,image/jpeg,eng,Patrimonio Fílmico
coll162,001.jpg,reencuentro,Feliz Joaquin Rodriguez,1925,El mayordomo regresa y se encuentra con Maria quien lo recibe con amor.,universities;buildings;campuses;picture postcards,alma provinciana,Proimágenes,Image;StillImage,image/jpeg,eng,Patrimonio Fílmico
coll163,001.jpg,amor,Feliz Joaquin Rodriguez,1925,"Gerardo espera a Rosa fuera de su fabrica, habla con ella y se ven felices, caminan y se quedan de pie juntos. Rosa siente amor por Gerardo en su casa mientras cose.",universities;buildings;campuses;picture postcards,alma provinciana,Proimágenes,Image;StillImage,image/jpeg,eng,Patrimonio Fílmico
coll164,001.jpg,convento,Arturo Acevedo Villarino,1925,"una joven rie sobre un árbol. Un hombre baja de un auto, viste de traje y abrigo. Golpea en una puerta y le abre una monja. Una de las monjas parece blanquear los ojos, está junto a otra cuando la monja de la puerte trae al hombre. La monja superior sonrie y habla con el hombre.",universities;buildings;campuses;picture postcards,bajo el cielo antioqueno,Proimágenes,Image;StillImage,image/jpeg,eng,Patrimonio Fílmico
coll165,001.jpg,arbol,Arturo Acevedo Villarino,1925,"niñas juegan en un pastal, algunas de ellas dan vueltas tomándose de las manos y otras están sentadas en el pasto, otras juegan a saltar la cuerda. Una monja se acerca a una niña y esta señala a Lina que reposaba sobre un árbol. La monja llama a Lina para que baje del árbol, ella baja, abraza a la monja y la sostiene en sus brazos mientras le da una vuelta en el aire, luego de eso la monja se echa una bendición.",universities;buildings;campuses;picture postcards,bajo el cielo antioqueno,Proimágenes,Image;StillImage,image/jpeg,eng,Patrimonio Fílmico
coll166,001.jpg,padre,Arturo Acevedo Villarino,1925,"Lina se encuentra con su padre en el salón donde están 2 monjas. Ella salta hacia él y lo besa, él también la besa. La madre superiora y otra monja se echan la bendición mientras otra monja mira con desaprobación la escena.",universities;buildings;campuses;picture postcards,bajo el cielo antioqueno,Proimágenes,Image;StillImage,image/jpeg,eng,Patrimonio Fílmico
coll167,001.jpg,despedida,Arturo Acevedo Villarino,1925,"lina se despide de las monjas, se arrodilla frente a la madre superiora. Las monjas, el padre y lina caminan sobre las escaleras, llegan todas las niñas del colegio y hacen un circulo sobre ellas. Las niñas corren a un balcón del convento y despiden con flores a Lina mientras ella y su padre suben a un carro. La despedida de Lina fue lanzar un beso a sus amigas, mientras su padre se despide con el sombrero.",universities;buildings;campuses;picture postcards,bajo el cielo antioqueno,Proimágenes,Image;StillImage,image/jpeg,eng,Patrimonio Fílmico
coll168,001.jpg,casa,Arturo Acevedo Villarino,1925,"un auto avanza sobre la calle principal de una ciudad, allí están lina y su padre con un conductor. Pasan algunos autos más y los niños juegan alrededor de ellos. Hay personas sobre la calle. También se ve un tranvía que transita por la misma carretera donde van los personajes. El auto pasa por un parque que tiene niños en él. El conducto estaciona el auto en la casa de la familia. La tia de Lina Adela sale a recibirla, la abraza y besa, juntos entran a la casa. La casa es lujosa, tiene amplios adornos en las paredes y sobre la mesa se encuentra el retrato de la madre muerta de Lina. Ella abraza el retrato y lo besa. El padre y su hermana se miran con tristeza. La tia lleva a Lina a su cuarto y le quita el abrigo. Ella se quita el sombrero y parece feliz. El cuarto es lujoso, tiene adornos, sillas, mesas y estructuras de madera. Lina se recuesta.",universities;buildings;campuses;picture postcards,bajo el cielo antioqueno,Proimágenes,Image;StillImage,image/jpeg,eng,Patrimonio Fílmico
coll169,001.jpg,Banquete,Arturo Acevedo Villarino,1925,"varias mujeres se sientan en un patio, todas tienen ropa elegante, somprero y vestidos.",universities;buildings;campuses;picture postcards,bajo el cielo antioqueno,Proimágenes,Image;StillImage,image/jpeg,eng,Patrimonio Fílmico
coll170,001.jpg,rio,Arturo Acevedo Villarino,1925,"las jovenes uegan a la pelota en el pasto, van el traje de baño al rio tomadas de las manos. Las jovenes pasan sobre el rio entre las piedras mientras las monjas las miran. Juegan en el agua y cuando suben a una piedra una de ellas cae al agua. Todas las mujeres se asustan y Lina se lanza al agua, rescata a la compañera mientras todas observan con toallas sobre una piedra.",universities;buildings;campuses;picture postcards,bajo el cielo antioqueno,Proimágenes,Image;StillImage,image/jpeg,eng,Patrimonio Fílmico
coll171,001.jpg,baile,Arturo Acevedo Villarino,1925,"Varias parejas bailan dando vueltas, todas las personas visten elegantes, parecen bailar vals.",universities;buildings;campuses;picture postcards,bajo el cielo antioqueno,Proimágenes,Image;StillImage,image/jpeg,eng,Patrimonio Fílmico
coll172,001.jpg,Conquista,Arturo Acevedo Villarino,1925,"dos hermanas hablan sobre su hermano a Lina, él quiere cortejar a Lina. Carlos fue donde estaban lina y sus amigas, le dio la mano y las amigas se fueron, él se sentó junto a Lina. Ambos tienen vestidos elegantes.",universities;buildings;campuses;picture postcards,bajo el cielo antioqueno,Proimágenes,Image;StillImage,image/jpeg,eng,Patrimonio Fílmico
coll173,001.jpg,alvaro,Arturo Acevedo Villarino,1925,"varios hombres fuman y beben mientras un mayordomo sirve las copas. Todos vestidos de traje y corbatín hacen un brindis y ríen. Los hombres se dirigen a una sala de juegos, juegan a las cartas apostando.",universities;buildings;campuses;picture postcards,bajo el cielo antioqueno,Proimágenes,Image;StillImage,image/jpeg,eng,Patrimonio Fílmico
coll174,001.jpg,presentacion,Arturo Acevedo Villarino,1925,"Alvaro habla con sus amigos mientras las parejas bailan en un salón. Lina y Alvaro se conocen, hablan de cerca.",universities;buildings;campuses;picture postcards,bajo el cielo antioqueno,Proimágenes,Image;StillImage,image/jpeg,eng,Patrimonio Fílmico
coll175,001.jpg,llamada,Arturo Acevedo Villarino,1925,"Lina entra a un cuarto y llama por teléfono a Alvaro, cuando están hablando el padre se da cuenta del entusiasmo de Lina, le quita el telefono y habla con Alvaro. Cuelga el telefono y le dice a lina que se vaya. Esta toma su raqueta y algunas cosas más y se va.",universities;buildings;campuses;picture postcards,bajo el cielo antioqueno,Proimágenes,Image;StillImage,image/jpeg,eng,Patrimonio Fílmico
coll176,001.jpg,tennis,Arturo Acevedo Villarino,1925,"Lina juega tenis con otras personas, se cae y las otras personas se rien de ella. Cuando ella está  acostada en el pasto llega Carlos, se arrodilla y le habla, le toma de la mano y ambos caminan. Carlos intenta besarla y ella le dice que no, sale corriendo y las demás personas se ríen de nuevo.",universities;buildings;campuses;picture postcards,bajo el cielo antioqueno,Proimágenes,Image;StillImage,image/jpeg,eng,Patrimonio Fílmico
coll177,001.jpg,encuentro,Arturo Acevedo Villarino,1925,"Alvaro espera a lina fuera del club, se dan para la mano y convesan. Se dan la mano en despedida.",universities;buildings;campuses;picture postcards,bajo el cielo antioqueno,Proimágenes,Image;StillImage,image/jpeg,eng,Patrimonio Fílmico
coll178,001.jpg,lina charla con padre,Arturo Acevedo Villarino,1925,"Lina entra a sala dónde está su padre y le habla con cariño. Se sienta cerca a él en su oficina que es muy elegante, tiene una puntura de un paisaje y una escultura de una mujer. El sirviente entra con una notificación de la llegada de Álvaro Mejía. Mujer se aleja del salón.",universities;buildings;campuses;picture postcards,bajo el cielo antioqueno,Proimágenes,Image;StillImage,image/jpeg,eng,Patrimonio Fílmico
coll179,001.jpg,alvaro habla con padre,Arturo Acevedo Villarino,1925,Entra Álvaro a una oficina elegante con el padre de Lina. Se dan la mano y se sientan a distancia media.,universities;buildings;campuses;picture postcards,bajo el cielo antioqueno,Proimágenes,Image;StillImage,image/jpeg,eng,Patrimonio Fílmico
coll180,001.jpg,rescate,Arturo Acevedo Villarino,1925,"1. Alvaro atropella a un niño de la calle que viste con ropas desprolijas. El niño queda en el suelo, Alvaro lo alza, lo sube a su carro y lo lleva a su hogar. Antes de que el carro arranque, muchas personas se acercan al auto.",universities;buildings;campuses;picture postcards,bajo el cielo antioqueno,Proimágenes,Image;StillImage,image/jpeg,eng,Patrimonio Fílmico
coll181,001.jpg,casa,Arturo Acevedo Villarino,1925,"Alvaro ayuda a entrar al niño en su casa elegante, el niño cojea. Lo sienta en una silla y llama a un doctor por teléfono. El doctor entra en la sala, saluda de mano a Alvaro y revisa la pierna del niño, le da un par de palmadas en su cara antes de irse. Alvaro llama a un trabajador vestido de blanco, le dice que lo trate como a él mismo. El empleado sirve comida al niño en una mesa, el niño se pone una servilleta grande en su cuello y pide al sirviente más comida en su plato y también le sirve gaseasa. Niño come con grandes bocados. El sirviente da un cigarro y el niño lo enciende, fuma con placer recostado en la silla.. Se levanta de su silla y se sienta en otra cómodamente. Hombre llega al hogar y ve al niño fumando en la silla. Rié al verlo y le entraga al niño ropa.",universities;buildings;campuses;picture postcards,bajo el cielo antioqueno,Proimágenes,Image;StillImage,image/jpeg,eng,Patrimonio Fílmico
coll182,001.jpg,paseo,Arturo Acevedo Villarino,1925,"Un hombre y dos mujeres caminan por los járdines elegantes, tienen una amplia fuente de agua y sillas, consienten a un pájaro grande que parece un pavo real-. Alvaro y lina se van en canóa por el rio. Cuando llegan a su destin  un trabajador negro detiene la embarcación para que puedan bajarse. Todos tienen trajes elegantes.",universities;buildings;campuses;picture postcards,bajo el cielo antioqueno,Proimágenes,Image;StillImage,image/jpeg,eng,Patrimonio Fílmico
coll183,001.jpg,entrega de la carta,Arturo Acevedo Villarino,1925,"Se muestran algunas imágenes de una plaza y una estatua de Bolivar. Hombre le habla con cautela al niño sirviente, lo toma del hombre y le hace señas. El niño entrega la carta de manera cuidadosa a las  mujeres.",universities;buildings;campuses;picture postcards,bajo el cielo antioqueno,Proimágenes,Image;StillImage,image/jpeg,eng,Patrimonio Fílmico
coll184,001.jpg,lectura de la carta,Arturo Acevedo Villarino,1925,Dos mujeres con trajes elegantes con sombreros y guantes se sientan en una silla de una plaza de un parque. Mujeres leen la carta con felicidad.,universities;buildings;campuses;picture postcards,bajo el cielo antioqueno,Proimágenes,Image;StillImage,image/jpeg,eng,Patrimonio Fílmico
coll185,001.jpg,carta a padre,Arturo Acevedo Villarino,1925,"Lina entra con sijilo a la oficina elegante de su padre y deja la carta de Alvaro. Se recuesta en el piso escondida de su padre. Su padre lee la carta y la arruga y tira al suelo. La mujer recoge la carta con tristeza, toma el teléfon y llama a su amado.",universities;buildings;campuses;picture postcards,bajo el cielo antioqueno,Proimágenes,Image;StillImage,image/jpeg,eng,Patrimonio Fílmico
coll186,001.jpg,cementerio,Arturo Acevedo Villarino,1925,"Lina y su amiga entran en el cementerio  con flores en la mano, visten elegantes con guantes y sombreros y dejan flores en una tumba de su madre. Lina ve la tumba de su madre que tiene una lápida grande de Jesucristo en la cruz. Lina reza el padre nuestro mientras se apoya en la lápida de su madre. El fantasma de su madre aparece al otro lado de la lápida y las dos mujeres se van.",universities;buildings;campuses;picture postcards,bajo el cielo antioqueno,Proimágenes,Image;StillImage,image/jpeg,eng,Patrimonio Fílmico
coll187,001.jpg,lina escribe carta,Arturo Acevedo Villarino,1925,Lina escribe en su diario.,universities;buildings;campuses;picture postcards,bajo el cielo antioqueno,Proimágenes,Image;StillImage,image/jpeg,eng,Patrimonio Fílmico
coll188,001.jpg,escape,Arturo Acevedo Villarino,1925,Alvaro baja de un auto en la puerta de la casa de Lina. Mientras tanto Lina se alista en su cuarto elegante. Toma un abrigo y empaca algunas cosas. Carlos se da cuenta de lo que sucede y se esconde detrás de un árbol para observar la situación. Lina sale de la casa a escondidas y sube en el auto con Alvaro para irse.,universities;buildings;campuses;picture postcards,bajo el cielo antioqueno,Proimágenes,Image;StillImage,image/jpeg,eng,Patrimonio Fílmico
coll189,001.jpg,mendiga,Arturo Acevedo Villarino,1925,Lina y Alvaro vestidos de manera elegante llegan a un lugar con más personas. Una mujer vestida de negro se lamenta frente a una columna y cae al suelo. Pide ayuda a la gente que camina pero nadie la socorre. Lina la escucha y cuando comprende su historia  Alvaro venda su brazo. Lina le entrega sus joyas.,universities;buildings;campuses;picture postcards,bajo el cielo antioqueno,Proimágenes,Image;StillImage,image/jpeg,eng,Patrimonio Fílmico
coll190,001.jpg,Arrepentimiento,Arturo Acevedo Villarino,1925,"Dos hombres miran cómo Lina le da las joyas a la limosnera, se hacen señas de lo que pasa e identifican una posible victima de robo. Lina se va del lugar y toma un auto, Alvara va trás ella pero no logra alcanzar el auto.",universities;buildings;campuses;picture postcards,bajo el cielo antioqueno,Proimágenes,Image;StillImage,image/jpeg,eng,Patrimonio Fílmico
coll191,001.jpg,,Arturo Acevedo Villarino,1925,"El padre se encuentra en su oficina leyendo un periódico cuando recibe una llamada de Carlos, quien está con dos mujeres que rién cuando cuelga la llamada. El padre llama a la empleada y le pide que llame a Lina. Ella no la encuentra en sus habitaciones, se ve preocupada y se lo anuncia a su padre. En ese momento entra Lina a la oficina y abraza a su padre.",universities;buildings;campuses;picture postcards,bajo el cielo antioqueno,Proimágenes,Image;StillImage,image/jpeg,eng,Patrimonio Fílmico
coll192,001.jpg,el robo,Arturo Acevedo Villarino,1925,"La mendiga está caminando por la calle cuando dos ladrones la atacan y asesinan, ella queda en el piso y ellos toman las joyas robadas.",universities;buildings;campuses;picture postcards,bajo el cielo antioqueno,Proimágenes,Image;StillImage,image/jpeg,eng,Patrimonio Fílmico
coll193,001.jpg,el cadaver,Arturo Acevedo Villarino,1925,Dos hombres de la policia que visten con trajes elegantes se acercan y revisan el cadaver de la mendiga. Varias personas lo observan también haciendo un circulo alrededo de su cuerpo. Dos plicias con trajes de policia están viendo la escena un poco más atrás del resto de personas. Los hombres que revisan el cuerpo encuentran un pañuelo que vendaba su brazo.,universities;buildings;campuses;picture postcards,bajo el cielo antioqueno,Proimágenes,Image;StillImage,image/jpeg,eng,Patrimonio Fílmico
coll194,001.jpg,alvaro vuelve,Arturo Acevedo Villarino,1925,"Alvaro vuelve al hotel borracho, abre su cuarto y se quita el abrigo y el sombrero. Se sienta en una silla.",universities;buildings;campuses;picture postcards,bajo el cielo antioqueno,Proimágenes,Image;StillImage,image/jpeg,eng,Patrimonio Fílmico
coll195,001.jpg,la pista,Arturo Acevedo Villarino,1925,"El inspector de policia revisa el pañuelo que tenía el cadaver, este tenia el hombre de Alvaro Mejía. Le da una carta a otro hombre y le ordena capturar a Alvaro.",universities;buildings;campuses;picture postcards,bajo el cielo antioqueno,Proimágenes,Image;StillImage,image/jpeg,eng,Patrimonio Fílmico
coll196,001.jpg,la captura,Arturo Acevedo Villarino,1925,"Un policia y un hombre conversan, el policia lo saluda con su saludo militar. El hombre procede a golpear la puerta de Alvaro. Al entrar Alvaro está sentado, mientras el hombre le dice que está siendo arrestado. Alvaro se pone de pie, toma su sombrero y abrigo mientras el niño sirviente ve la escena, lo empuja el inspector y se queda llorando el niño.",universities;buildings;campuses;picture postcards,bajo el cielo antioqueno,Proimágenes,Image;StillImage,image/jpeg,eng,Patrimonio Fílmico
coll197,001.jpg,el interrogatorio,Arturo Acevedo Villarino,1925,Alvaro llega a la comisaria de policia donde es interrogado por el inspectos de policia. Alvaro se toma del cabello mientras recuerda a Lina con amor.,universities;buildings;campuses;picture postcards,bajo el cielo antioqueno,Proimágenes,Image;StillImage,image/jpeg,eng,Patrimonio Fílmico
coll198,001.jpg,lina pasea,Arturo Acevedo Villarino,1925,"Lina está sentada en una mesedora leyendo, se levanta de la silla y mira al horizonte (un paisaje de arboles y al fondo una ciudad). Lina camina y abre una sombrila mientras pasea por un jardín lleno de árboles. Se encuentra con un hombre que le da un bolso.",universities;buildings;campuses;picture postcards,bajo el cielo antioqueno,Proimágenes,Image;StillImage,image/jpeg,eng,Patrimonio Fílmico
coll199,001.jpg,amor de campesinos y lina,Arturo Acevedo Villarino,1925,"Un campesino, que viste con una camisa blanca y tiene machete en el pantalón, saluda a una campesina quitándose el sombrero, deja su herramienta y ambos se sientan en el pasto. La campesina viste con un vestido claro y un trapo en su cabello. Lina se encuentra con los campesinos que se ponen de pie al verla, ella ríe y le pide un beso a la campesina. La campesina corre, el campesino carga su herramienta de arar tierra camina junto a Lina. La campesina llega donde otr campesina que está ordeñando una vaca y se recuesta en la vaca, la otra compesina le da un poco de leche. Luego de tomar todos ríen y Lina se limpia la cara.",universities;buildings;campuses;picture postcards,bajo el cielo antioqueno,Proimágenes,Image;StillImage,image/jpeg,eng,Patrimonio Fílmico
coll200,001.jpg,quema de la noticia,Arturo Acevedo Villarino,1925,"un mayormodo le trae el periodico a el padre y se retira. El padre que viste de corbata y camisa lee el periodico, se entera del proceso penal contra Alvaro y  le ordena al mayordomo que solo le entrege el periodico a él. El padre quemó el periódico en un jardín.",universities;buildings;campuses;picture postcards,bajo el cielo antioqueno,Proimágenes,Image;StillImage,image/jpeg,eng,Patrimonio Fílmico
coll201,001.jpg,toman cafè,Arturo Acevedo Villarino,1925,"Lina y su padre beben café en la terraza de su casa, muy elegante con tetera, un perro y posillos de porcelana en un jardínn con plantas.",universities;buildings;campuses;picture postcards,bajo el cielo antioqueno,Proimágenes,Image;StillImage,image/jpeg,eng,Patrimonio Fílmico
coll202,001.jpg,cultivo de cafe,Arturo Acevedo Villarino,1925,"Campesinos siembran semillas, cuidan las plantas, trabajan en el campo, recogen frutos y cargan los granos en carretillas. También muchos trabajadores aran la tierra con asadones y una garlancha, también palean la tierra. Los campesinos echan el café en costales y los suben a burros para transporlarlos, también a camiones.",universities;buildings;campuses;picture postcards,bajo el cielo antioqueno,Proimágenes,Image;StillImage,image/jpeg,eng,Patrimonio Fílmico
coll203,001.jpg,lina consiente perro,Arturo Acevedo Villarino,1925,Lina consiente al perro en su terraza.,universities;buildings;campuses;picture postcards,bajo el cielo antioqueno,Proimágenes,Image;StillImage,image/jpeg,eng,Patrimonio Fílmico
coll204,001.jpg,bodas campesinas,Arturo Acevedo Villarino,1925,"Los campesinos que visten con ropas típicas, acompañados de una banda, saludan con sus sombresos a Lina y su padre que los observan desde un balcón. Los campesinos bailan bambuco, es una boda campesina. Luego del baile toman copas y brindan mirando hacia arriba, hacia el balcón donde está Lina y su padre.",universities;buildings;campuses;picture postcards,bajo el cielo antioqueno,Proimágenes,Image;StillImage,image/jpeg,eng,Patrimonio Fílmico
coll205,001.jpg,llega rocio y pasean a caballo,Arturo Acevedo Villarino,1925,"Rocío, una amiga de Lina, llega a la finca montando un carruaje impulsado por caballos. La recibe el padre de Lina, la toma de la mano y la lleva con Lina. Ambas se abrazan. Abren sus sombrillas y corren por un terreno. Las mujeres montan a caballo, visten de traje, corbata y sombrero. Lina recuerda cómo los hombres arrean el ganado, hay un hombre con vestimenta típica de antioquia, sombrero, camisa blanca, carriel y chompo.",universities;buildings;campuses;picture postcards,bajo el cielo antioqueno,Proimágenes,Image;StillImage,image/jpeg,eng,Patrimonio Fílmico
coll206,001.jpg,paseo en barco por magdalena,Arturo Acevedo Villarino,1925,"Un mayordomo sirve dos vasos con los que brindan Lina y su padre. En el fondo se ven dos trajadores del barco, uno de ellos limpia una mesa. Lina y su padre suben al barco donde se ven más pasajeros, todos vestidos de blanco de manera elegante. Se muestran imagenes del barco navegando por el rio magdalena.",universities;buildings;campuses;picture postcards,bajo el cielo antioqueno,Proimágenes,Image;StillImage,image/jpeg,eng,Patrimonio Fílmico
coll207,001.jpg,lina se entera de noticia de alvaro,Arturo Acevedo Villarino,1925,"Varios hombres de traje y sombrero leen un periódico y conversan. uno de los periódicos llega a manos de Lina. Atrás de ella están varias personas que visten elegantes. Cuando Lina se entera del proceso pena contra Alvaro baja del barco y se cae, escribe una carta y toma un tren.",universities;buildings;campuses;picture postcards,bajo el cielo antioqueno,Proimágenes,Image;StillImage,image/jpeg,eng,Patrimonio Fílmico
coll208,001.jpg,cuentan noticia,Arturo Acevedo Villarino,1925,"Varias personas se presentan, todas vestidas elegante. Dos hombres miran a Lina caminar en la calle. Dos hombres discuten en una cabina de tren mientras viajan.",universities;buildings;campuses;picture postcards,bajo el cielo antioqueno,Proimágenes,Image;StillImage,image/jpeg,eng,Patrimonio Fílmico
coll209,001.jpg,encuentran a ladrones,Arturo Acevedo Villarino,1925,"Los ladrones de joyas entran a una casa con la ayuda de otra persona. un detective los sigue. Los ladrones entran por los techos a una casa abandonada, allí desentierran las joyas que habían robado. El detective se da cuenta de esto y entra a la casa mientras los apunta con un arma, forcejean en el suelo y el detective logra ganarles. Entran dos policias por los techos y capturan a los ladrones, les atan las manos.",universities;buildings;campuses;picture postcards,bajo el cielo antioqueno,Proimágenes,Image;StillImage,image/jpeg,eng,Patrimonio Fílmico
coll210,001.jpg,juicio de alvaro,Arturo Acevedo Villarino,1925,"En una sala de audiencias llena de hombres de vestidos de traje, un hombre lee. Alvaro es el enjuiciado y está sentado en una silla, él piensa en Jesús y se muestra una imagende Jesús con la corona de espinas y sangre sobre su rostro.",universities;buildings;campuses;picture postcards,bajo el cielo antioqueno,Proimágenes,Image;StillImage,image/jpeg,eng,Patrimonio Fílmico
coll211,001.jpg,testimonio de lina,Arturo Acevedo Villarino,1925,Lina entra al juicio de Alvaro y da su testimonio sobre cuando regaló sus joyas a la mendiga y los dos hombres de mal aspecto que vio.,universities;buildings;campuses;picture postcards,bajo el cielo antioqueno,Proimágenes,Image;StillImage,image/jpeg,eng,Patrimonio Fílmico
coll212,001.jpg,suspencion de audiencia falsa,Arturo Acevedo Villarino,1925,"Uno de los hombres de la audiencia decide suspender el juicio, pero no todos están de acuerdo con que el testimonio de Lina sea suficiente. Un hombre aplaude en las gradas del tribunal y el niño sirviente de Alvaro lo mira con rabia.",universities;buildings;campuses;picture postcards,bajo el cielo antioqueno,Proimágenes,Image;StillImage,image/jpeg,eng,Patrimonio Fílmico
coll213,001.jpg,verdaderos culpables,Arturo Acevedo Villarino,1925,"Dos policias con uniforme traen a los ladrones al juicio. El detective le da las joyas robadas al juez y este le pregunta a Lina si son las joyas robadas. Ella afirma que sí. Todos los hombres de traje del juzgado, el juez y los abogados que están muy elegantes, están hablando de pie con Lina. El juez interroga a los ladrones. Los ladrones con ropas desprolijas y dos policias con uniforme atra´s de ellos confiesan. Alvaro, el hombre blanco alto le da la mano al juez. El hombre que estaba en contra de Alvaro durante toda la sesión judicial se levanta y cuando da un paso el niño sirviente de Alvaro lo hace caer.",universities;buildings;campuses;picture postcards,bajo el cielo antioqueno,Proimágenes,Image;StillImage,image/jpeg,eng,Patrimonio Fílmico
coll214,001.jpg,llevan a culpables a carcel y llevan a lina,Arturo Acevedo Villarino,1925,"La policia con uniformes empuja y arrastra a los ladrones a la carcel. Cuando entras en la carcel los golpean, ellos pelean un poco con empujones. Los policias y los ladrones (que están vestidos con ropas desprolijas) caminan en medio de dos lineas de presos que están burlándose de los nuevos reclusos. El detective que siguió el caso se enciende un cigarro y un policia de uniforme le trae una carta mientras otros policias vigilan detrás de él.",universities;buildings;campuses;picture postcards,bajo el cielo antioqueno,Proimágenes,Image;StillImage,image/jpeg,eng,Patrimonio Fílmico
coll215,001.jpg,alvaro llega a casa,Arturo Acevedo Villarino,1925,"Alvaro ve al niño sirviente abrazado a sus piernas. Alvaro llega a su casa con el niño sirviente, se sienta en una silla y el niño hace señas de cansancio. Alvaro toma un pañuelo y limpia su cara.",universities;buildings;campuses;picture postcards,bajo el cielo antioqueno,Proimágenes,Image;StillImage,image/jpeg,eng,Patrimonio Fílmico
coll216,001.jpg,padre y lina en campo,Arturo Acevedo Villarino,1925,"Lina pasa entre los campesinos que están vestidos con ropas típicas, sombreros, camisas y vestidos de flores. Lina toca auna muje campesina del hombro y está sonríe. Lina toma un fruto de una planta y se lo lanza a la boca de una campesina, la campesina hace lo mismo .",universities;buildings;campuses;picture postcards,bajo el cielo antioqueno,Proimágenes,Image;StillImage,image/jpeg,eng,Patrimonio Fílmico
coll217,001.jpg,pelea,Arturo Acevedo Villarino,1925,"Alvaro va al banco y un banquero a través de una ventana le muestra que no tiene dinero en su cuenta. Alvaro entra en un ascensor donde hay un botones que le permite subir. Alvaro entra a una habitación donde están dos hombres, le da un puñetazo a uno y estrecha la mano de otro.",universities;buildings;campuses;picture postcards,bajo el cielo antioqueno,Proimágenes,Image;StillImage,image/jpeg,eng,Patrimonio Fílmico
coll218,001.jpg,cheque,Arturo Acevedo Villarino,1925,"Alvaro y el detective se sientan en una mesa donde el hombre le da un papel a Alvaro y un bolígrafo, Alvaro firma. El detective le hace un cheque a Alvaro y este se pone de pie y le da la mano.",universities;buildings;campuses;picture postcards,bajo el cielo antioqueno,Proimágenes,Image;StillImage,image/jpeg,eng,Patrimonio Fílmico
coll219,001.jpg,niño prende cigarro a hombre,Arturo Acevedo Villarino,1925,El niño sirviente con uniforme le enciende un cigarrillo a un hombre que está sentado.,universities;buildings;campuses;picture postcards,bajo el cielo antioqueno,Proimágenes,Image;StillImage,image/jpeg,eng,Patrimonio Fílmico
coll220,001.jpg,paseo de cascada,Arturo Acevedo Villarino,1925,"Varios hombres quitan la maleza del terreno con machetes mientras Lina se sienta en el pasto. Hay una imagen de una corriente de agua y todos caminan por el campo. También está con ellos el niños sirviente, pero esta vez sin uniforme.",universities;buildings;campuses;picture postcards,bajo el cielo antioqueno,Proimágenes,Image;StillImage,image/jpeg,eng,Patrimonio Fílmico
coll221,001.jpg,lina en frabica de cigarros,Arturo Acevedo Villarino,1925,"Lina, varios hombres y otra mujer llegan a la puerta de una fábrica de cigarrillos. El hombre que los recibe estrecha la mano de todos los hombres, no de las mujeres. Todos entran en la fábrica, están vestidos de manera elegante. Lina observa los cigarros y las cajas que producen. Varios niños trabajan en la fábrica llevando cajas grandes de cigarrillos. Un niño muy pequeño y descalzo carga bolsas mientras los visitantes elegantes salen de la fábrica. Luego de que el gurpo elegante salga de la fábrica, salen los empleados con ropas desprolijas, hay niños entre ellos.",universities;buildings;campuses;picture postcards,bajo el cielo antioqueno,Proimágenes,Image;StillImage,image/jpeg,eng,Patrimonio Fílmico
coll222,001.jpg,paseo en auto,Arturo Acevedo Villarino,1925,Varias personas elegantes viajan en auto antiguo por las calles mientras los escoltan dos hombres a caballo. Tras de ellos pasan dos carros más y policias en 5 caballos más que los escoltan.,universities;buildings;campuses;picture postcards,bajo el cielo antioqueno,Proimágenes,Image;StillImage,image/jpeg,eng,Patrimonio Fílmico
coll223,001.jpg,festejo de trabajadores,Arturo Acevedo Villarino,1925,"Varios hombres trabajan con picas sobre un montículo de tierra mientras otros dos hombres observan. Los trabajadores están vestidos de blanco y los hombres que observan de ropas oscuras. Los hombres encuentran algo y se ven felices, alzan los brazos con herramientas en sus manos. Todos caminan con herramientas grandes y pequeñas en sus manos, tienen ropas descuidadas.",universities;buildings;campuses;picture postcards,bajo el cielo antioqueno,Proimágenes,Image;StillImage,image/jpeg,eng,Patrimonio Fílmico
coll224,001.jpg,campamento,Arturo Acevedo Villarino,1925,Lina y algunos hombres acampan en el campo durante la noche.,universities;buildings;campuses;picture postcards,bajo el cielo antioqueno,Proimágenes,Image;StillImage,image/jpeg,eng,Patrimonio Fílmico
coll225,001.jpg,festejo de busgueses,Arturo Acevedo Villarino,1925,"Lina está en una reunión elegante con una taza de té en sus manos rodeada de hombres elegantes, tiene un vestido elegante igual que las otras personas. También está con ellos el niño sirviente.",universities;buildings;campuses;picture postcards,bajo el cielo antioqueno,Proimágenes,Image;StillImage,image/jpeg,eng,Patrimonio Fílmico
coll226,001.jpg,golf,Arturo Acevedo Villarino,1925,"Lina y sus amigos juegan al golf, solo se muestra a los hombres jugar, no a Lina.",universities;buildings;campuses;picture postcards,bajo el cielo antioqueno,Proimágenes,Image;StillImage,image/jpeg,eng,Patrimonio Fílmico
coll227,001.jpg,fiesta de disfraces,Arturo Acevedo Villarino,1925,"Varias personas bailan tomadas de las manos con disfraces. Luego, bailan en parejas.",universities;buildings;campuses;picture postcards,bajo el cielo antioqueno,Proimágenes,Image;StillImage,image/jpeg,eng,Patrimonio Fílmico
coll228,001.jpg,declaraciòn del inglès,Arturo Acevedo Villarino,1925,Un hombre inglés vestido con un traje elegante declara su amor a Lina que está sentada sobre un mirador y disfraza con grandes plumas. Le da la mano al hombre y se van juntos.,universities;buildings;campuses;picture postcards,bajo el cielo antioqueno,Proimágenes,Image;StillImage,image/jpeg,eng,Patrimonio Fílmico
coll229,001.jpg,fiesta de disfraces continua,Arturo Acevedo Villarino,1925,"Parejas bailan con disfraces elegantes, también bailan lina y el hombre inglés.",universities;buildings;campuses;picture postcards,bajo el cielo antioqueno,Proimágenes,Image;StillImage,image/jpeg,eng,Patrimonio Fílmico
coll230,001.jpg,casamiento de lina,Arturo Acevedo Villarino,1925,"Lina camina entre personas hacia un altar, el niño sirviente con uniforme sonríe. Un sacerdote mira al cielo y les da su bendición a Lina y al hombre Inglés en el altar, ella lleva un vestido de novia y él un traje muy elegante. Todos los asistentes están muy alegantes.",universities;buildings;campuses;picture postcards,bajo el cielo antioqueno,Proimágenes,Image;StillImage,image/jpeg,eng,Patrimonio Fílmico
coll231,001.jpg,barca lleva a lina y la entrega con amado,Arturo Acevedo Villarino,1925,"Lina sube a un auto con el hombre inglés, ambos muy elegantes y un niño se esconde detrás del auto mientras el niño sirviente con unifome corre tras el auto. Lina y el hombre inglés están en un barco, cuando bajan de este Lina abraza y se enceuntra con Alvaro que le da la mano al hombre inglés. Lina y alvaro despiden al hombre inglés que se va en barco.",universities;buildings;campuses;picture postcards,bajo el cielo antioqueno,Proimágenes,Image;StillImage,image/jpeg,eng,Patrimonio Fílmico